Job Title,Company,Job Link
Back End Developer,PT Akseleran Keuangan Inklusif Indonesia,/id/job/80130783?type=standout&ref=search-standalone&origin=cardTitle#sol=9dcabbc26e35832173c8ded5b2781855bd88a555
GOLANG DEVELOPER,AlphaPhilindo Solution Inc,/id/job/80177731?type=standout&ref=search-standalone&origin=cardTitle#sol=5f15b7e658b01bb920e63c137652b37fb515428c
Backend Engineer,Shipper,/id/job/80210088?type=standout&ref=search-standalone&origin=cardTitle#sol=ac4668db91aefe72746f0a66924990758ebab7db
Backend Developer (Laravel & Node Js),PT. KODE KOLEKTIF INDONESIA,/id/job/80173319?type=standout&ref=search-standalone&origin=cardTitle#sol=b5934a9885def052ecbc112c9d1ac75aecc4260f
Junior Backend Developer (Fresh Graduate),PT. Waktu Cipta Dimensi,/id/job/80208786?type=standout&ref=search-standalone&origin=cardTitle#sol=ae2b597732bf861feb300d0a8bd3c0c0bce45957
Back End Developer,PT Indoglobal Nusa Persada,/id/job/80105686?type=standout&ref=search-standalone&origin=cardTitle#sol=1abcd7353cd866f89098b6e6aa74b5ac75816e6a
Purwadhika - Backend Engineer,PT Amartha Mikro Fintek (Jakarta),/id/job/80166682?type=standard&ref=search-standalone&origin=cardTitle#sol=eb6b5ee6baa4055f6cfa61eb53b82d5286782448
Backend Java Developer,PT Sarana Pactindo,/id/job/80119021?type=standout&ref=search-standalone&origin=cardTitle#sol=ffddf029343e9d84fcaf57ab7246b376eb37c907
Full-Stack Developer,TRAVLR Indonesia,/id/job/80172915?type=standout&ref=search-standalone&origin=cardTitle#sol=b7580956279ae914ff42a61140e378681b85feac
Senior Back End Developer,PT Sentral Link Solutions,/id/job/80134859?type=standard&ref=search-standalone&origin=cardTitle#sol=34087ba41c5f39c720003bc00993343089e96362
Full Stack Developer,PT.Samudra Estetika perkasa,/id/job/80210134?type=standard&ref=search-standalone&origin=cardTitle#sol=f805c9edf7c4fb94b7af3507924e33e9ccca048c
Golang Developer,PT Adi Data Informatika,/id/job/80176318?type=standout&ref=search-standalone&origin=cardTitle#sol=361eb571669296ba128db3144333af9c60696f57
Software Engineer - Backend,PT Trinusa Travelindo,/id/job/79964440?type=standard&ref=search-standalone&origin=cardTitle#sol=7e85098f7175cc3d6083c72c6897cbe790c3abd7
Senior Backend Developer,PT. Waktu Cipta Dimensi,/id/job/80025083?type=standout&ref=search-standalone&origin=cardTitle#sol=de744c398dfe1d3324dbfa581e9ce3af053a72de
Backend Developer,PT Jasa Kelola Asia,/id/job/79998181?type=standard&ref=search-standalone&origin=cardTitle#sol=981b3a1eb53cbc18c02b584d92532aa1018255f1
BACKEND PROGRAMMER,PT QUDO BUANA NAWAKARA,/id/job/79589677?type=standout&ref=search-standalone&origin=cardTitle#sol=8a184df2026684e2046b08daa23807d0855b4d7a
Tech Lead (Manager),No Company,/id/job/80157940?type=standout&ref=search-standalone&origin=cardTitle#sol=88eb189c78dc86b1651ac48b21f49c66ebb4a26c
Senior Backend Developer,PT Inovasi Dunia Gim,/id/job/79640372?type=standout&ref=search-standalone&origin=cardTitle#sol=15cae456a5bb63c1dca501742887d41693d66f47
"Backend Engineer, Digital Venture - Fully REMOTE",CP AXTRA PUBLIC COMPANY LIMITED,/id/job/79641095?type=standout&ref=search-standalone&origin=cardTitle#sol=ce71fa02475decda7e9ef92660ad7993728fb388
Senior Fullstack Developer (Payment Getaway),PT Abadi Sejahtera Finansindo,/id/job/79970337?type=standout&ref=search-standalone&origin=cardTitle#sol=6a6a58aff5e6a502c7ddc28ecdaaff11a8315e69
"Senior Software Engineer, Backend (Lending)",PT Solusi Transportasi Indonesia,/id/job/80067861?type=standard&ref=search-standalone&origin=cardTitle#sol=775db842a4d3b37f32bd2d0659585cc47248ad3a
Back-End Developer,PT Nusantara Sejahtera Raya Tbk (Cinema XXI),/id/job/79580141?type=standout&ref=search-standalone&origin=cardTitle#sol=f8b01c18283a6216898504b923111e4155262f38
FULL STACK JAVASCRIPT DEVELOPER,PT Konsulta Semen Gresik,/id/job/80215377?type=standout&ref=search-standalone&origin=cardTitle#sol=d5617d50a366b26a5479910c722160f2420698e4
Fullstack Engineer,PT Ordivo Teknologi Indonesia,/id/job/79808463?type=standout&ref=search-standalone&origin=cardTitle#sol=2dec9e07381799454ba115eee0f9b6ab36e8fc48
Full Stack Developer,PT ECS Raya Indonesia,/id/job/80059789?type=standout&ref=search-standalone&origin=cardTitle#sol=beb338313b38e3b9e0e4a5293c6e85aaf410fee9
Software Engineer III (Backend) - Transport,PT Trinusa Travelindo,/id/job/79964591?type=standard&ref=search-standalone&origin=cardTitle#sol=c97c42e564ccdcfe33792515f4ba106ccf62de52
Fullstack Development,PT TERA KREASI SEMESTA,/id/job/80078969?type=standard&ref=search-standalone&origin=cardTitle#sol=fc8dde53ab66c2745232f12321f6ae8424eeff25
Outsystems Developer,PT Adi Data Informatika,/id/job/80050167?type=standout&ref=search-standalone&origin=cardTitle#sol=07ac632c1545ccfe8a4a927a9b091124fafa6839
Backend Developer,PT Insura Media Solusi (Jakarta),/id/job/79913806?type=standout&ref=search-standalone&origin=cardTitle#sol=29a78a04624e61ba4fc6508b1845fe39c9667205
Staff Software,Universitas Internasional Batam,/id/job/80159066?type=standout&ref=search-standalone&origin=cardTitle#sol=54a202a45afa7f9e420caac43e9c6a300b26c8ae
Software Engineer (Backend),PT Trinusa Travelindo,/id/job/79902507?type=standard&ref=search-standalone&origin=cardTitle#sol=e7bb5469012c182628e13395b14290ca7ce3ea0e
Java Developer,PT Infosys Solusi Terpadu,/id/job/79996107?type=standout&ref=search-standalone&origin=cardTitle#sol=e8ed9e2b56bbf16fdac9781c4dfe0754628b4c96
Net Developer,PT Indo Online Mitra Usaha (Vox Asia / BraveHub),/id/job/80035173?type=standout&ref=search-standalone&origin=cardTitle#sol=2b282ba3f8d4d90efeedc8185356cf9f5c20a8db
Software Engineer,PT Trinusa Travelindo,/id/job/80186242?type=standard&ref=search-standalone&origin=cardTitle#sol=112cc1f0bac8b325cb883fa53fd2aabbeea7c986
Full-stack Engineer,PT Akar Inti Teknologi,/id/job/79756534?type=standout&ref=search-standalone&origin=cardTitle#sol=57a76323560f4eaf0782dda430d8bfb5fa4684f9
API Developer (Middleware Developer),PT Lentera Bangsa Benderang,/id/job/80155832?type=standout&ref=search-standalone&origin=cardTitle#sol=57b5fff700e7cb3dd381f3f81f794c937b9f8a63
Full Stack Developer,Sibernetik Integra Data,/id/job/80184792?type=standard&ref=search-standalone&origin=cardTitle#sol=c25e0418bf1d1ea0f69a4456cf3eb1c0ab9099e3
Senior Full Stack Developer,PT. HTC Global Software Services,/id/job/79853831?type=standout&ref=search-standalone&origin=cardTitle#sol=a4e89ae0e96f9399beea799b4ea1c59935073575
Full Stack Engineer,PT DIGITAL XCELERATION NUSANTARA,/id/job/79579262?type=standout&ref=search-standalone&origin=cardTitle#sol=e0a23749d60d96e6da896680afb247c8f548e15b
Backend Developer,Panorama JTB Tours Indonesia,/id/job/79940408?type=standard&ref=search-standalone&origin=cardTitle#sol=609412f9ded6cf7d0dd2fe6a8a1564a143f29d87
Backend Developer,PT Intersolusi Teknologi Asia,/id/job/79935445?type=standard&ref=search-standalone&origin=cardTitle#sol=25d7b2d9a668d278f50a1239396c19ea26ab7586
RnD Software Engineer,PT Formulatrix Indonesia,/id/job/79754104?type=standout&ref=search-standalone&origin=cardTitle#sol=7bfa413c59a0f894c533e040e3c85dc797fdac31
Application Developer (Java),PT Nssol Systems Indonesia,/id/job/80001339?type=standout&ref=search-standalone&origin=cardTitle#sol=fc7d793746b78b7ac0f967e132aee12cd7a4d998
Backend Developer Java,PT Teras Kreasi Optima,/id/job/79914302?type=standout&ref=search-standalone&origin=cardTitle#sol=babc62200c8aae846c38c49362f954efdd6f15ff
Front End SPV,PT Puninar Jaya,/id/job/79892036?type=standout&ref=search-standalone&origin=cardTitle#sol=ac8e9f85a69116bc9e5e74d2b66cffac501a3de4
IT-Backend,PT GIRIMAS PAKAR INDAH,/id/job/79934933?type=standard&ref=search-standalone&origin=cardTitle#sol=c20536a66921fd3541163045870673375629d267
"Full-stack Engineer, Digital Venture - Fully REMOTE",CP AXTRA PUBLIC COMPANY LIMITED,/id/job/79640268?type=standout&ref=search-standalone&origin=cardTitle#sol=72be18c24773cc9e8b65fc516af7e5da04593028
Senior Software Developer (Python/Django),PT Mindo Small Business Solutions,/id/job/80173756?type=standout&ref=search-standalone&origin=cardTitle#sol=6ea00d116511c51dc684a4a2b2b890ec4d206036
Senior Fullstack Developer,PT. Ezsy Deltamax Indonesia,/id/job/79621823?type=standout&ref=search-standalone&origin=cardTitle#sol=fc2ac57d18ad1a3bf414472f116715dea1ecd102
NodeJS Programmer,PT Nutech Integrasi,/id/job/80183004?type=standout&ref=search-standalone&origin=cardTitle#sol=5d1bc672e00fb401ba6dcf0eef36fb06d3104b53
"Full Stack Developer (javascript, react.js, node.js)",Indofood Group,/id/job/80120522?type=standout&ref=search-standalone&origin=cardTitle#sol=ea6512ea193f4120f20f3ee648b79ec207c5e06a
"Tech Lead, Digital Venture",CP AXTRA PUBLIC COMPANY LIMITED,/id/job/79640475?type=standout&ref=search-standalone&origin=cardTitle#sol=f2f7437ca83313955458702355198d8f9e95403c
"Coconut Lab Invites Fullstack Developer (Remote, Indonesia)",Coconut Lab Pte. Ltd.,/id/job/80151904?type=standout&ref=search-standalone&origin=cardTitle#sol=5557950a093c0c2a7b0bb5afa061925ed487dfc1
Fullstack Engineer (Python),No Company,/id/job/79703760?type=standout&ref=search-standalone&origin=cardTitle#sol=d9a745df40a6f16c665f2944ff99fc2f17199031
Backend Developer Java,Erajaya Group,/id/job/79864706?type=standard&ref=search-standalone&origin=cardTitle#sol=d0441807f40844bc9d9bf38dc3b0df752d42750b
Backend Developer,PT. Mitra Insan Sejahtera,/id/job/79777558?type=standout&ref=search-standalone&origin=cardTitle#sol=dc4b2a98fa0ca1fb643f5188e9add13b84176e83
Backend Engineer II - Transport Demand,PT Trinusa Travelindo,/id/job/79879161?type=standard&ref=search-standalone&origin=cardTitle#sol=ff3068ecc3f6d5f658b7bc7fb4d9c85e248723d2
manager marketplace,PT Lucky Perdana Multimedia,/id/job/80116678?type=standout&ref=search-standalone&origin=cardTitle#sol=a4e4a93dbb8483af3a368274b8347d84eadbda9c
Backend Developer (Strapi-Node.JS),PT Ako Media Asia,/id/job/79834827?type=standard&ref=search-standalone&origin=cardTitle#sol=bea4f346d89f82969ce04e1bfb05f5fd5f8b0d88
Fullstack Developer,PT Adi Data Informatika,/id/job/80130673?type=standout&ref=search-standalone&origin=cardTitle#sol=e218cc4b775687f435b0cecc28d2c633f4bdd0a2
"Software Engineer, Backend - Transaction Platform",PT Solusi Transportasi Indonesia,/id/job/79840951?type=standard&ref=search-standalone&origin=cardTitle#sol=5e393ea74468cbdc411d82343cbab1f8209cc9cc
Backend Server Engineer - GAME,No Company,/id/job/79805243?type=standout&ref=search-standalone&origin=cardTitle#sol=5a59501fa72833cdb1ea5a92ffccbcbbcf07706b
Senior UI UX,PT. Waktu Cipta Dimensi,/id/job/80101353?type=standout&ref=search-standalone&origin=cardTitle#sol=d4fb6cbcc41a91a2f7e9c2a179256c80ccd9421e
E-commerce and Social Media Platform Operator,PT. DONGGUAN LIUSHI LITHIUM TECHNOLOGY,/id/job/80000685?type=standout&ref=search-standalone&origin=cardTitle#sol=60ae45801fba8dde7c88e97fead436a0248461bf
FULLSTACK DEVELOPER (PG),Kelola.biz,/id/job/79887122?type=standout&ref=search-standalone&origin=cardTitle#sol=248b06075b9692397691ec332bff2d2be8ca230b
Software Engineer (Backend) - User Platform,PT Trinusa Travelindo,/id/job/78475319?type=standard&ref=search-standalone&origin=cardTitle#sol=0ca042062b36eab97a50b91e526c08c667b4ae10
Lead Backend Developer,PT Akseleran Keuangan Inklusif Indonesia,/id/job/78968297?type=standard&ref=search-standalone&origin=cardTitle#sol=7617565fc2a9fe8a9f6fd21245b75eebaf520a1d
Back-End Engineer,PT Sky Parking Utama,/id/job/79693991?type=standout&ref=search-standalone&origin=cardTitle#sol=ca24c071fcb9b8fd854a4dddd74d90dffd4ae0df
Back End Asset Management (BEAM) - Karawang & Cikampek,"PT. BFI FINANCE INDONESIA, Tbk",/id/job/79748616?type=standard&ref=search-standalone&origin=cardTitle#sol=0a3b0b182769db813902488cea3be926607e300f
Senior Software Backend Engineer,PT Trinusa Travelindo,/id/job/79623678?type=standard&ref=search-standalone&origin=cardTitle#sol=a03ef493b4bcfd679321e64b343932c6cde31bbc
Software Developer,PT Buana Varia Komputama,/id/job/79878084?type=standout&ref=search-standalone&origin=cardTitle#sol=01c02276f61b3af599ac85062a8d0ae9dfa2118a
Senior Software Engineer/Back End Engineer (Java),PT. Wide Technologies Indonesia,/id/job/79670623?type=standout&ref=search-standalone&origin=cardTitle#sol=3971df5270ae1be70eecd67d75f4fb8318abca90
FULLSTACK DEVELOPER,PT. Mercier Estetika Internasional,/id/job/79995222?type=standout&ref=search-standalone&origin=cardTitle#sol=d4cd5ceb47f7ebbf5a7adc5dff398f6af181e063
Backend Engineer (Golang) - Senior/Principal Level,PT Amartha Mikro Fintek (Jakarta),/id/job/77936231?type=standard&ref=search-standalone&origin=cardTitle#sol=f1ff273a0e8312aee1fe12e78be554acb60ecbfa
Web Developer PHP,PT Fusi Solusi Transformasi,/id/job/79806057?type=standard&ref=search-standalone&origin=cardTitle#sol=29203ba076239a9c09b3f30740e478cb4a2e45e3
Back End Developer,PT Jiva Agriculture Indonesia,/id/job/78039046?type=standard&ref=search-standalone&origin=cardTitle#sol=e650382562f9427f1f5cc75aec4b800f0a30ee6e
Senior Golang Developer,PT UQPAY TECHNOLOGY INDONESIA,/id/job/79630827?type=standard&ref=search-standalone&origin=cardTitle#sol=08d0f73aa6231b13313cc3f54316898979dbc208
Software Engineer (Java),PT Akar Inti Teknologi,/id/job/79943866?type=standout&ref=search-standalone&origin=cardTitle#sol=7cc22d9156410cc556628f7eada061575448837d
Full Stack Developer,PT. HTC Global Software Services,/id/job/79911621?type=standout&ref=search-standalone&origin=cardTitle#sol=9f20a4c13d251f7ca1334d199de89edf561ed25a
Java Developer - Jakarta - WFO,PT. PERSOLKELLY Recruitment Indonesia,/id/job/80005353?type=standard&ref=search-standalone&origin=cardTitle#sol=b8ff652038f8aa53b9e199768115ab2a8ddc5d32
Application Developer,PT. Sama Sama Sukses,/id/job/79882637?type=standard&ref=search-standalone&origin=cardTitle#sol=9fba70532acfae642e84c400971e225adbc38574
Webmethod Developer,PT Indocyber Global Teknologi,/id/job/79937719?type=standout&ref=search-standalone&origin=cardTitle#sol=d134f1be799d437e062e683a06fec941be9037b9
FULL STACK DEVELOPER,PT Abadi Perkasa Bersama Digital Solutions,/id/job/79854958?type=standout&ref=search-standalone&origin=cardTitle#sol=cfc619def3c7435cae87a2607a3f6904977ea463
Full Stack Programmer,PT Royal Sutan Agung,/id/job/79568720?type=standout&ref=search-standalone&origin=cardTitle#sol=03b2e914df7d8d7ac0409330857ffe0d03045934
Senior Software Engineer (Back End) - Lending (PayLater),PT Trinusa Travelindo,/id/job/78969168?type=standard&ref=search-standalone&origin=cardTitle#sol=355ca190ef90096ac6758b537762926164df9323
Software Engineer - Cartography,PT Aplikasi Karya Anak Bangsa (GO-JEK Indonesia),/id/job/79768302?type=standard&ref=search-standalone&origin=cardTitle#sol=e5a4634cc41ee72c690177da78080f804e891eb2
Front-End Engineer,PT Sky Parking Utama,/id/job/79834265?type=standout&ref=search-standalone&origin=cardTitle#sol=621a11aed5c7053a1ee7215b8334efd1213c1a7b
R&D Staff (Software Developer),PT. DCT TOTAL SOLUTIONS,/id/job/79644866?type=standout&ref=search-standalone&origin=cardTitle#sol=4744179c3a803da04c16a786183e66da93e76d23
Programer,PT RANAJAYA MULIA SENTOSA,/id/job/79830892?type=standard&ref=search-standalone&origin=cardTitle#sol=5f82b5a97dfbd3ebca72d2bf0a8b1e5d0ea43ef2
IT Developer,PT Karisma Zona Kreatifku,/id/job/79749486?type=standout&ref=search-standalone&origin=cardTitle#sol=5ffa8c8337d9b8afaf935d04d29dad7312a8fa58
Java Developer,PT Vanz Inovatif Teknologi,/id/job/79867983?type=standard&ref=search-standalone&origin=cardTitle#sol=c7fde3a8bf7589029bfe84fad991a18343407997
Fullstack Developer,PT Graha Karya Informasi,/id/job/79656515?type=standard&ref=search-standalone&origin=cardTitle#sol=9603979bda6db53d55b81089a94062d61560d274
Software Engineer - Dev Platform,PT Aplikasi Karya Anak Bangsa (GO-JEK Indonesia),/id/job/79825175?type=standard&ref=search-standalone&origin=cardTitle#sol=59b306d46ec37009b13de860af9d37bb5351ebbd
Senior Analyst - Innovation Cloud Development Center - Outsystems Developer - ID,Deloitte,/id/job/79869249?type=standard&ref=search-standalone&origin=cardTitle#sol=396cba34b6837ac1a1c8a0b784ba13fbc1126a71
Fullstack Developer (PHP & Vue.js),No Company,/id/job/79835676?type=standout&ref=search-standalone&origin=cardTitle#sol=0d5aa3d7a9c27d43a613fb7c1057568b362fb3c2
Java Developer (SpringBoot),PT Triputra Investindo Arya (Triputra Group),/id/job/79912653?type=standout&ref=search-standalone&origin=cardTitle#sol=cd12d09822e243b3bd0a8f44c95f85da69dc86a4
JUNIOR PROGRAMMER/SUPPORT,PT Yudhistira Ghalia Indonesia,/id/job/79971178?type=standout&ref=search-standalone&origin=cardTitle#sol=4a5c4ae247aa9af790cb9138ae0ae3189e1a66aa
"Software Engineer (ReactJS, NextJS)",PT Akar Inti Teknologi,/id/job/79945219?type=standout&ref=search-standalone&origin=cardTitle#sol=fb41cfc5c39865c06510e2c16b736c1d2d0e48fb
Site Reliability Engineer,PT Justika Siar Publika,/id/job/80064802?type=standout&ref=search-standalone&origin=cardTitle#sol=9afb534dcb9a81a824a20e4d00bbc6d7a912c495
WEB DEVELOPER,PT Trimitra Putra Mandiri,/id/job/79975243?type=standard&ref=search-standalone&origin=cardTitle#sol=bf03fc93cfbda5ca0099982dbd89c461103e3ab8
Javascript Developer,PT Intersolusi Teknologi Asia,/id/job/79935487?type=standard&ref=search-standalone&origin=cardTitle#sol=414319e1515cfe415e439bea06764b026c485812
Software Engineer - Web,PT Trinusa Travelindo,/id/job/78969166?type=standard&ref=search-standalone&origin=cardTitle#sol=c51e87bbcf2e406a1ce37e6982895906dea810a0
System Developer & Architect,PT Inti Karya Persada Tehnik,/id/job/79878604?type=standard&ref=search-standalone&origin=cardTitle#sol=397e7fa44e368241ab3a98dd8e9e48b9540e8d71
Software Quality Assurance,PT Bimasakti Multi Sinergi,/id/job/79834941?type=standout&ref=search-standalone&origin=cardTitle#sol=69b40d7564fde36d719608fdb988e933bb0c8cd9
Live Streaming Operation,P.T. STARLEAD TECHNOLOGY,/id/job/79863815?type=standout&ref=search-standalone&origin=cardTitle#sol=41d01c85bb5d137e1e200a433085f1b3ff4c3035
IT Development Manager,PT PEFINDO Biro Kredit,/id/job/79890902?type=standout&ref=search-standalone&origin=cardTitle#sol=51bd5ae0ebe1b6ae985903b282ff70ef5161cd4a
Frontend Developer,PT Rotterdam Consulted Solutions Indonesia,/id/job/79883363?type=standout&ref=search-standalone&origin=cardTitle#sol=380a1fcf76e3a31ae80695a901f3790057c51359
Full Stack Developer (ReactJs and .Net),PT. Adaya Solusi Teknologi,/id/job/79205768?type=standout&ref=search-standalone&origin=cardTitle#sol=925a96db9bc117a8efbc971fb21a1d52c94e3a75
Software Engineer,PT Asia Outsourcing Services,/id/job/79810306?type=standout&ref=search-standalone&origin=cardTitle#sol=de8cdfd7a7f2a30dcc43eae1e29fa3fe1ebb46a7
Flutter Developer,PT. Metrocomjaddi Technology,/id/job/79750779?type=standard&ref=search-standalone&origin=cardTitle#sol=aab81600e606fd4f4a60662d7bce0477583bbe86
Solution Analyst (Solution Architect),PT Lentera Bangsa Benderang,/id/job/79750704?type=standout&ref=search-standalone&origin=cardTitle#sol=bfa3b006058641cd64a770ef810f29df6be58d19
Software Engineer I - Web (Transport),PT Trinusa Travelindo,/id/job/80213477?type=standard&ref=search-standalone&origin=cardTitle#sol=eb6670a6d7b0a7e7e83bc1a9e5db7ed13a6df670
Mobile Developer (Android),OLX Indonesia,/id/job/79705652?type=standout&ref=search-standalone&origin=cardTitle#sol=75b35cfcb373a162c923998e7a61711f128f7a24
Digital Apps Developer,"PT SMART,Tbk",/id/job/79731964?type=standard&ref=search-standalone&origin=cardTitle#sol=4e50cd65b5060f215b835ab900d75b15b624ec2c
IT PROGRAMMER,PT Mandjur Sehat Abadi,/id/job/79659081?type=standout&ref=search-standalone&origin=cardTitle#sol=787eca2d71fb58361fff6752e48a83bd227d0286
Content Marketing and Partnerships Specialist,CV Botanical Spring Global (Creme and Tonic),/id/job/79749312?type=standard&ref=search-standalone&origin=cardTitle#sol=323bbee1ab21847a8b912e796c3be5d8a1dde066
Data Analyst,PT. Elabram Systems,/id/job/79699562?type=standard&ref=search-standalone&origin=cardTitle#sol=532a29e23eb29a64deec9ba14c0f58dd6ab1338b
Junior Software Engineer (Front End),Nostra Solution,/id/job/79701237?type=standout&ref=search-standalone&origin=cardTitle#sol=8ab0f45f699556ad94e86af4eda57a6c16346bee
Merchant Payment Operations & Training Associate,PT Solusi Transportasi Indonesia,/id/job/80191575?type=standard&ref=search-standalone&origin=cardTitle#sol=9b3fd1e507c8021b2abf7cd317dd31cd48955874
Regional Operations Manager,PT Solusi Transportasi Indonesia,/id/job/80191514?type=standard&ref=search-standalone&origin=cardTitle#sol=b9e50d046007b44cd158e71b97d4dc4e0756d4da
"Merchant Acquisition, Sales & Onboarding Assistant Manager",PT Solusi Transportasi Indonesia,/id/job/80191641?type=standard&ref=search-standalone&origin=cardTitle#sol=da5437822836aaa0df03935bad339d34217557f1
Frontend Engineer,PT SOD Technology Indonesia,/id/job/79671440?type=standard&ref=search-standalone&origin=cardTitle#sol=19f40dde319d8528d6df87135b5d376136b15afd
IT PROGRAMMER/SYSTEM ANALYST,PT. Utama Sinergi Sejati,/id/job/79579157?type=standard&ref=search-standalone&origin=cardTitle#sol=f65d2c9ffa182ae2789db95c5327825f7d4ed48a
Quality Assurance Engineer,PT Trinusa Travelindo,/id/job/80028863?type=standard&ref=search-standalone&origin=cardTitle#sol=7124ade3e494dc1de05ece749a981f8896aa32bf
Senior Frontend Engineer,PT Amartha Mikro Fintek (Jakarta),/id/job/76172994?type=standard&ref=search-standalone&origin=cardTitle#sol=38329eb40e4da70c2ae41b8ff12cc0ad688b1bf6
Merchant Content Associate,PT Solusi Transportasi Indonesia,/id/job/79893898?type=standard&ref=search-standalone&origin=cardTitle#sol=80dc91627fce6bc462fb47cb635b9ab659f536e2
Senior Software QA Engineer,PT Solusi Transportasi Indonesia,/id/job/79893928?type=standard&ref=search-standalone&origin=cardTitle#sol=e78638cc22bf8f964ab42fed992b669a2ac3dc79
"Software Engineer, Mobile (iOS) - Fulfilment",PT Solusi Transportasi Indonesia,/id/job/79893918?type=standard&ref=search-standalone&origin=cardTitle#sol=9715c504b334c1f89bd58e2b6b0288fea5c9cf06
Backend Engineer - Performance,Company Confidential,/id/job/73925247?type=standard&ref=search-standalone&origin=cardTitle#sol=fff894c4c86ac675dfd9da1cc1629893ea48273f
Lead Backend Engineer (Golang),STOCKBIT.COM,/id/job/78262352?type=standard&ref=search-standalone&origin=cardTitle#sol=a13b483311a232927b07b782e26fded6850aa68a
Senior Backend Developer - Node (100% Remote Indonesia Bandung),Tether Operations Limited,/id/job/79761462?type=standard&ref=search-standalone&origin=cardTitle#sol=ca410ae28b0d2eeb8923e10e6c3b5bf06fe44656
Senior Backend Developer - Node (100% Remote Indonesia Jakarta),Tether Operations Limited,/id/job/79761489?type=standard&ref=search-standalone&origin=cardTitle#sol=91cd0b8d8ef4236f7306427a6a5af946f9c9fc29
Senior Backend Engineer,PT AJAIB TTX Solusi (jakarta),/id/job/77221096?type=standard&ref=search-standalone&origin=cardTitle#sol=c0f107c63dd8d077a90a77f2db7359d25af175ce
Senior Backend Developer - Node (100% Remote Indonesia Surabaya),Tether Operations Limited,/id/job/79761562?type=standard&ref=search-standalone&origin=cardTitle#sol=565789f6394f954d25f59caaf8f296e727d5eb5c
Back-End Developer,PT WIR ASIA,/id/job/76849766?type=standard&ref=search-standalone&origin=cardTitle#sol=86c17fb1ebfeca5e5e4ee41a8c5fcd12d7bdb70e
Back End (Django),Talent Search Recruitment,/id/job/78928394?type=standard&ref=search-standalone&origin=cardTitle#sol=5b697f93ddf5b541264aac35ee4bd435e55dc045
Full Stack Developer - Java/Spring Boot/Angular,Qode,/id/job/77216407?type=standard&ref=search-standalone&origin=cardTitle#sol=18cdbc1021dc11782ef25499b09961e11d9188d8
Scrum Master - Senior Consultant,PT Ernst & Young Indonesia,/id/job/75187632?type=standard&ref=search-standalone&origin=cardTitle#sol=4dbaad3d496483ff9ee0bb6ba8f66fb8f9fea587
Software Engineer,PT Paragon Pratama Teknologi,/id/job/79647493?type=standard&ref=search-standalone&origin=cardTitle#sol=651328a0904901b8e7b2b2e3e5ae34e3c4f9e2a6
Fullstack Developer (Golang + Vue.js),Livit,/id/job/79497751?type=standard&ref=search-standalone&origin=cardTitle#sol=0fba8c3eb0f1e59a3357272066529bf7c75305cd
Full Stack Developer,Alegrium,/id/job/79066394?type=standard&ref=search-standalone&origin=cardTitle#sol=14e5e14908d48f059bad231ef0c80bfbdae377d2
Lead Software Engineer,PT Magna Finance Tbk,/id/job/79660084?type=standard&ref=search-standalone&origin=cardTitle#sol=b313cd77139033dc9de886d32a9ce863ff8fb8c1
Laravel Developer,PT Hashmicro Solusi Indonesia,/id/job/79662595?type=standard&ref=search-standalone&origin=cardTitle#sol=c300ea19fb6c9f138222167888adce78c73219f1
Application Developer,VIVERE GROUP,/id/job/76756486?type=standard&ref=search-standalone&origin=cardTitle#sol=6f5f00bc40541ce010ba693fb730389ea031132e
"Performance Engineer (Fully remote, Flexible Schedule)",Company Confidential,/id/job/74036126?type=standard&ref=search-standalone&origin=cardTitle#sol=f7bff6fa6e292b336033c37a0206c13250e309a8
"Performance Optimization Engineer (Fully remote, Flexible Schedule)",Company Confidential,/id/job/74035960?type=standard&ref=search-standalone&origin=cardTitle#sol=44666c59edf6f9689173b515d0a439930618d342
Full Stack Java Developer (IT Consulting),Full Stack Java Developer (IT Consulting),/id/job/79659647?type=standard&ref=search-standalone&origin=cardTitle#sol=2623ee6445a45c4f3bdb0a3dbabcca5255800a74
Senior Software Engineer 1 - Fullstack,PT Mid Solusi Nusantara (MEKARI),/id/job/77038746?type=standard&ref=search-standalone&origin=cardTitle#sol=bc590fb0e9ab44dad1a241a5ef88ca987e909f66
Software Engineer (Mekari Qontak),PT Mid Solusi Nusantara (MEKARI),/id/job/76198901?type=standard&ref=search-standalone&origin=cardTitle#sol=0d633a2fd606750dde9af9aa1d413b269a9b5029
Application Developer Assc.,PT Mitra Integrasi Informatika - Metrodata Group,/id/job/79662506?type=standard&ref=search-standalone&origin=cardTitle#sol=eb76771e4ab7528d0468af88d6a0bd84dd6b0cc6
Fullstack Engineer,Pintu,/id/job/79662766?type=standard&ref=search-standalone&origin=cardTitle#sol=12384ce39dbf7682f0563be2fb944a562ab6584b
Full Stack Developer,CV. Sumber Rejeki sebagai rekruter Kenes Bakery & Resto,/id/job/78456803?type=standard&ref=search-standalone&origin=cardTitle#sol=0bdbc10f970b5a369aded3ea6d9db1dcc29e0f7f
IT - Solution Developer,ASSA Rent (Jakarta),/id/job/79661076?type=standard&ref=search-standalone&origin=cardTitle#sol=0c0c5d72005179bc7ea2f49efbb59c315f2bc28e
Flutter Developer (Project Based),PT HARMONISASI TEKNOLOGI NUSANTARA,/id/job/80079293?type=standard&ref=search-standalone&origin=cardTitle#sol=6d95eb38b7b20130cf43fff287e429b3082b975e
Frontend Developer (Project Based),PT HARMONISASI TEKNOLOGI NUSANTARA,/id/job/80078769?type=standard&ref=search-standalone&origin=cardTitle#sol=4102a87388ae092dfd211c6d8c999e4ecdcf4557
Client IT Infrastructure System Administrator,PT Magna Finance Tbk,/id/job/79892576?type=standard&ref=search-standalone&origin=cardTitle#sol=70e7162e7c19a15f3d2049cb04f80ed1cdb7d50c
Frontend Engineer,Linx Labs Pte Ltd,/id/job/79504306?type=standard&ref=search-standalone&origin=cardTitle#sol=f76df4a80ea8570f075ece650e3cda175bf13b8b
IoT Application Engineer,PT Magna Finance Tbk,/id/job/79761481?type=standard&ref=search-standalone&origin=cardTitle#sol=04284027727b5e93052deea60dbbacb7044a3798
Ops Manager (GoApotik),GUE Ecosystem,/id/job/79645432?type=standard&ref=search-standalone&origin=cardTitle#sol=1ad217035fb386a5e4f953f90336c380fe240653
Senior Software Engineer- Testing,PT Magna Finance Tbk,/id/job/79660555?type=standard&ref=search-standalone&origin=cardTitle#sol=4f9f94adea735ac8493fa1ae2c0431fe56b85f9f
Fullstack Developer,Gefami Services Indonesia,/id/job/79892673?type=standard&ref=search-standalone&origin=cardTitle#sol=84f3c127d6e92ff08fd2eec0faf3f400068ede24
Back End Engineer (Golang),TIXid,/id/job/79491944?type=standard&ref=search-standalone&origin=cardTitle#sol=8e954aa4e633d67d00a8b475190e864d855d6f33
Software Engineer (Golang),PT Iforte Payment Infrastructure,/id/job/79686668?type=standard&ref=search-standalone&origin=cardTitle#sol=6edde5f5f1dfed57b84f7f923c711dce8c91093f
Python Developer (for FMCG Industry),PT. SIGMA GLOBAL TEKNOLOGI (SIGMATECH),/id/job/79819647?type=standard&ref=search-standalone&origin=cardTitle#sol=9e26ec018d5858ed9fd8ffab24c828e2059234bf
Symfony developer,Metricalo,/id/job/76664864?type=standard&ref=search-standalone&origin=cardTitle#sol=c7b972e656ba1cb4267804e2f5a767efdfb1c0dd
Fullstack Web Programmer,PT Sinergi Insan Andalan,/id/job/79865961?type=standard&ref=search-standalone&origin=cardTitle#sol=998062d768274f462827aa74a93a0959773b4dcb
DevOps,Gefami Services Indonesia,/id/job/79580415?type=standard&ref=search-standalone&origin=cardTitle#sol=07f4cfac2c8406cb2a286b84d79401bc78d46a3a
Software Engineer - Fullstack,PT Mid Solusi Nusantara (MEKARI),/id/job/79387014?type=standard&ref=search-standalone&origin=cardTitle#sol=e4d940bf816c848802f9d6f503f197e79b46f569
Software Engineer (MERN),Snaphunt,/id/job/79526940?type=standard&ref=search-standalone&origin=cardTitle#sol=6a0d8b9fed28a591d3771de30c5cddbe6adb2dd4
Jr. Java & Angular Developer (ASAP),PT. SIGMA GLOBAL TEKNOLOGI (SIGMATECH),/id/job/79686698?type=standard&ref=search-standalone&origin=cardTitle#sol=5725f9876b6addb1fa21ab8852d86efc1c0d85a7
Blockchain Developer,Snaphunt,/id/job/76692988?type=standard&ref=search-standalone&origin=cardTitle#sol=7f9c51460dabbb28e6d527b5ac1db02c939d6e06
Head of Software Development,Youtap Indonesia,/id/job/79146285?type=standard&ref=search-standalone&origin=cardTitle#sol=f6d863def1d59d9bf00fc57a53d2480fafcc101a
Symfony developer,Snaphunt,/id/job/76664828?type=standard&ref=search-standalone&origin=cardTitle#sol=fcbd984534eb0bc318bf7fb8cba7e2d22ece17bd
Front-end Developer,PT PERSADA,/id/job/79672323?type=standard&ref=search-standalone&origin=cardTitle#sol=d0283b8e246aa972f17eb52397237e309785bfa5
Mobile App Developer,Snaphunt,/id/job/79738698?type=standard&ref=search-standalone&origin=cardTitle#sol=ace42675df357aa95dbcd5b579256b4ef7551fbb
Web Developer,Company Confidential,/id/job/78562070?type=standard&ref=search-standalone&origin=cardTitle#sol=89c1155df483f6b43f459b0d422b62e6dd5b052b
Mobile App Developer,Yayasan Sumber Daya Sukses Makmur,/id/job/79673071?type=standard&ref=search-standalone&origin=cardTitle#sol=6c874080a6a889aa33929009b194b658b3efcdde
MIS Engineering Manager,PT KOLTIVA,/id/job/79491929?type=standard&ref=search-standalone&origin=cardTitle#sol=d370f234f261c7886db525cd5979ef79abbb99e3
Team Lead - Full Stack and AI Engineering,Snaphunt,/id/job/78393210?type=standard&ref=search-standalone&origin=cardTitle#sol=eaf7bc3d27ce49875f8c1a2f0408344bedd4ba95
Team Lead - Full Stack and AI Engineering,Time Pilot,/id/job/78393082?type=standard&ref=search-standalone&origin=cardTitle#sol=e273c43cc6f55b3c6e3d67f308438aa92457d7fc
Data Analyst,PT Main Games Indonesia (Jakarta),/id/job/80155781?type=standout&ref=search-standalone&origin=cardTitle#sol=669b1146769274053e5928681503cbe10a23b972
Geospatial Data Engineer,PT RGE Indonesia,/id/job/80217811?type=standard&ref=search-standalone&origin=cardTitle#sol=eb5e4e94a94aa523e4c0ef1ab43dce494a99d22e
Senior Data Engineer,Yayasan Bina Nusantara,/id/job/80125619?type=standard&ref=search-standalone&origin=cardTitle#sol=6ed2394d11555e141c309db71eb8a1d677d15de2
Data Engineer,"PT. Metrodata Electronics, Tbk",/id/job/80123405?type=standard&ref=search-standalone&origin=cardTitle#sol=4ae33eb094d7ac8b23bd71122ad45dfb5b2620e2
Data Annotator - Transsion,PT Carlcare Service Ila,/id/job/79510451?type=standout&ref=search-standalone&origin=cardTitle#sol=ec4b39318b8e6ff4da6615ec065272eb1be8a23c
Data Science Manager,PT ABM Investama,/id/job/79878989?type=standout&ref=search-standalone&origin=cardTitle#sol=ecb8ed7a91a11c289e3862c7c9cf0bf5dfe56b20
Data Analyst,IDS Medical Systems Group,/id/job/80106105?type=standout&ref=search-standalone&origin=cardTitle#sol=4de3e3934bc347b52a575b6a4ebb1ea1a3851cba
Data Engineer,PT Sigma Cipta Utama,/id/job/80049265?type=standout&ref=search-standalone&origin=cardTitle#sol=69de4355fe78ce11923f5f9be45704b95b2797c5
IT Data Warehouse Engineer Assistant Manager,PT Dipo Star Finance,/id/job/79594300?type=standout&ref=search-standalone&origin=cardTitle#sol=90e49f412baa210bf033ef5544f56b6ed25d4832
Machine Learning Ops,PT Bumi Amartha Teknologi Mandiri,/id/job/80059371?type=standard&ref=search-standalone&origin=cardTitle#sol=4988376c19a6ac8d86964a127c0395841d54ffaf
Business Intelligence Engineer,PT Triputra Investindo Arya (Triputra Group),/id/job/80025613?type=standout&ref=search-standalone&origin=cardTitle#sol=6373ab3e1c2b1080d9cf54333b6b35330571e32e
Data Engineer - Jakarta - WFO,PT. PERSOLKELLY Recruitment Indonesia,/id/job/79987624?type=standard&ref=search-standalone&origin=cardTitle#sol=2ade8bc1b8be20342b4e27dfa805e7f04ace05f2
Data Engineer,PT Avows Technologies,/id/job/80005231?type=standout&ref=search-standalone&origin=cardTitle#sol=1598292a59a0f86037ee126f9c9ec7f0e7a62a67
Data Engineer,PT. MITRA SEMEN ASIA,/id/job/79971971?type=standard&ref=search-standalone&origin=cardTitle#sol=1f2409b30c937f8254137e9b8ee82691d3bdfb4b
DATA ENGINEER,PT PCI Elektronik Internasional,/id/job/79934478?type=standout&ref=search-standalone&origin=cardTitle#sol=c6be956296777e76751cd97e4da9c9685ebc6b2c
Application Developer Sr.,"PT. Metrodata Electronics, Tbk",/id/job/80028646?type=standard&ref=search-standalone&origin=cardTitle#sol=66ff6e8716479963b9214bb448098211655bd187
Data & Application Operation Engineer,PT Data Sinergitama Jaya,/id/job/79949832?type=standout&ref=search-standalone&origin=cardTitle#sol=9b18fc5d8a06e841a7e3d4bec6f6a58a38343f53
Oracle System Engineer,Trans Retail Group,/id/job/79946212?type=standard&ref=search-standalone&origin=cardTitle#sol=bfa5803ad6a9561e4caf1997d487f6bbcbed90fb
Data Scientist,PT Digital Laskar Pelangi (Orderfaz),/id/job/79945081?type=standard&ref=search-standalone&origin=cardTitle#sol=cf6116f8feef45f065f13ffb99854849d7d476c3
Data Engineer (Yogyakarta),PT Dipo Star Finance,/id/job/79948966?type=standout&ref=search-standalone&origin=cardTitle#sol=e90a30eb03d0f2367654421d472c79b728c24601
Software Engineer - Data Science Platform,PT Aplikasi Karya Anak Bangsa (GO-JEK Indonesia),/id/job/79884128?type=standard&ref=search-standalone&origin=cardTitle#sol=65eeb32d7f5cd0dc829d18adbffa7b751141718a
AI ENGINEER,PT Volarex Jaya Utama,/id/job/79891880?type=standard&ref=search-standalone&origin=cardTitle#sol=d73974f9fed88b1794388792421c9c3916b80213
Software Engineer - Data Science Platform,PT Aplikasi Karya Anak Bangsa (GO-JEK Indonesia),/id/job/79874055?type=standard&ref=search-standalone&origin=cardTitle#sol=1c1d67b8185ac32a668b4e5f1361de57c10fdd62
Data Engineer,PT Equine Global,/id/job/79864365?type=standard&ref=search-standalone&origin=cardTitle#sol=6a41f07182b0910dda5d0f9bf0dd7a5f79faea06
Data Analyst Engineer,PT Sky Parking Utama,/id/job/79850725?type=standout&ref=search-standalone&origin=cardTitle#sol=c11789d3c9cd704381b97ab90a5a4747137ce0e9
Data Analytics Operation,"PT. BFI FINANCE INDONESIA, Tbk",/id/job/79863003?type=standard&ref=search-standalone&origin=cardTitle#sol=b09d1f4743fd24893bb2503435c743a91d6640a4
Senior Data Analyst,PT Solusi Transportasi Indonesia,/id/job/79840942?type=standard&ref=search-standalone&origin=cardTitle#sol=a5c1c84e7a0ec2857dda81e480abb4dcb4f5db0b
Senior Data Analyst,PT Solusi Transportasi Indonesia,/id/job/79840997?type=standard&ref=search-standalone&origin=cardTitle#sol=e66646201d9c919e0397e06bdaeeb456ae1e8f41
Data Engineer,Bali Love,/id/job/79749436?type=standard&ref=search-standalone&origin=cardTitle#sol=031edd36c0fa0cc6d51260f3424800c24e49c853
Machine Learning Engineer,PT. Best Agro International,/id/job/79748367?type=standard&ref=search-standalone&origin=cardTitle#sol=0b6c28c06a411fad13a2e917cca0828be50f3526
Data Scientist,Coda Payments Pte Ltd,/id/job/79804862?type=standard&ref=search-standalone&origin=cardTitle#sol=d77d7e47d5a0bd22056e94b4033abff283e47978
Data Engineer,PT Pulau Sambu,/id/job/79760633?type=standout&ref=search-standalone&origin=cardTitle#sol=75a331d7c8cd5180705fd98ef63e3a1c8f6791e2
Data Engineer for Operation,PT Inovasi Terdepan Nusantara,/id/job/79760955?type=standout&ref=search-standalone&origin=cardTitle#sol=7cec46d844876d3a568f63dc5641f0c54cce5360
Data Engineer,PT Ako Media Asia,/id/job/79694461?type=standard&ref=search-standalone&origin=cardTitle#sol=c40f4c6bd3336d706ed4d53dd7739af5e2e4b9ac
Database & Business Intelligence,No Company,/id/job/79705215?type=standout&ref=search-standalone&origin=cardTitle#sol=ceb8ee3dc847f14b3c69918db6b4466bac252b53
Data Engineer,Soedarpo Informatika,/id/job/79658272?type=standout&ref=search-standalone&origin=cardTitle#sol=a5a4e56a7919f81da13c0d213f60110899bc9b3a
Database Section Head (IT),No Company,/id/job/79628851?type=standard&ref=search-standalone&origin=cardTitle#sol=0529e21b47763746d004ba9f41b7f68a2e4175e4
Machine Learning Engineer,PT Mitra Informatika,/id/job/79640534?type=standard&ref=search-standalone&origin=cardTitle#sol=4537105be8cb34f529c572b92052a79a1272a6be
Data Engineer,PT. LUNA BOGA NARAYAN (Kopi Janji Jiwa),/id/job/79575090?type=standout&ref=search-standalone&origin=cardTitle#sol=2d1f111331a5f5f0d92fb861c415e2eeb3b9f96b
Application Developer Jr.,"PT. Metrodata Electronics, Tbk",/id/job/79647458?type=standard&ref=search-standalone&origin=cardTitle#sol=2c4c248f847334120c79eb0762fbace7ffae5f6e
Data Analyst,No Company,/id/job/79553463?type=standard&ref=search-standalone&origin=cardTitle#sol=db880efe94d1fac0dcb975c6099fcef1ef1a66f9
Senior Machine Learning Engineer,PT Ninety Nine Dotco,/id/job/79426889?type=standard&ref=search-standalone&origin=cardTitle#sol=2d4a7c78268a31e337950e693b1a5203d6fa1c01
CVM Data Science,PT XL Axiata Tbk,/id/job/79143504?type=standard&ref=search-standalone&origin=cardTitle#sol=db0418b3e51b702d184706a717e81bca99ccab8c
Senior Data Scientist,PT Aplikasi Karya Anak Bangsa (GO-JEK Indonesia),/id/job/77263987?type=standard&ref=search-standalone&origin=cardTitle#sol=0751145b0b2bed8a19af004e2cc80d74b06d8571
Consultant - Artificial Intelligence & Data - ID,Deloitte,/id/job/78596624?type=standard&ref=search-standalone&origin=cardTitle#sol=02837bc70f23e516e4ba9eb9afad9c69252f4b27
Data Analyst - Platform CRM Analytics,PT Trinusa Travelindo,/id/job/78063749?type=standard&ref=search-standalone&origin=cardTitle#sol=76f7b133ddfdc31842e209a817b833d4edd10aa1
Data Analyst,Paytech Nexus,/id/job/80218654?type=standard&ref=search-standalone&origin=cardTitle#sol=4d12345c304bbf965640a665bed1d2966f582ab2
IT Data Engineer,PT Prodia Widyahusada Tbk,/id/job/80191611?type=standard&ref=search-standalone&origin=cardTitle#sol=2f681bad9df1ce1a29e96fc730436f3accdd6fb7
Machine Learning Engineer (Project Based),PT Telkomsel Ekosistem Digital,/id/job/79764586?type=standard&ref=search-standalone&origin=cardTitle#sol=d68718289566d47c895e765e88dc700a83f9cb7f
Data Scientist II,PT Fashion Eservices Indonesia,/id/job/79608097?type=standard&ref=search-standalone&origin=cardTitle#sol=370185702fe04a2668b098f2a15677a543f123d8
IT & Data Analyst,PT INNABRIDGE SELARAS ENERGI,/id/job/79574573?type=standard&ref=search-standalone&origin=cardTitle#sol=8eaf27b38d2a4c65fb93a89306a0663a0c04ab08
Data Engineer (IT Consulting),Data Engineer (IT Consulting),/id/job/79661872?type=standard&ref=search-standalone&origin=cardTitle#sol=dab614d9e6536f8648ab38e9a4be6c8c6ba6cc81
"Trainer of Data (Data Engineering, Data Visualization and Data Science)",PT Cybertrend Intrabuana,/id/job/79660453?type=standard&ref=search-standalone&origin=cardTitle#sol=f19c574a0fc4554a7397cb928d38689aff38ce7a
Senior Data Engineer,PT Mid Solusi Nusantara (MEKARI),/id/job/77380566?type=standard&ref=search-standalone&origin=cardTitle#sol=e39dfae3fa0c7b329c638027bcb796c4be069b06
Data Engineer,Devoteam,/id/job/79433643?type=standard&ref=search-standalone&origin=cardTitle#sol=c325b5746f41cee70a091ed0c282a6a1a0a2c73d
Data Engineer,PT Magna Finance Tbk,/id/job/79661807?type=standard&ref=search-standalone&origin=cardTitle#sol=032187d939ee0b56157dc6598c2e0ac658151459
Machine Learning Engineer,Devoteam,/id/job/79433698?type=standard&ref=search-standalone&origin=cardTitle#sol=bfc426223c847311bb750b4f8ca9ff74bb261f67
Data Engineer,PT Samsung SDS Global SCL Indonesia,/id/job/76461421?type=standard&ref=search-standalone&origin=cardTitle#sol=b2cc21131a9b5f3b4624dee1d68aed2ac538d41c
Senior Data Engineer,PT AJAIB TTX Solusi (jakarta),/id/job/78253513?type=standard&ref=search-standalone&origin=cardTitle#sol=7073491d491fdf03640ec3f167ea1bdb48391a8a
Data Center Engineer,PT Asuransi Allianz Life Indonesia,/id/job/72895365?type=standard&ref=search-standalone&origin=cardTitle#sol=58cc3a240a3b633504e655861aa17d24fa1f24ed
AI/ML Engineer,STOCKBIT.COM,/id/job/77215959?type=standard&ref=search-standalone&origin=cardTitle#sol=e423bbcb166896b8f51f2f9c3b7910d82462618c
Senior Data Scientist,PT Magna Finance Tbk,/id/job/79662957?type=standard&ref=search-standalone&origin=cardTitle#sol=7a055c7e5dc3bf833b6ee5df05b91c00dce35675
Data Analyst,Staffinc Talent,/id/job/76852754?type=standard&ref=search-standalone&origin=cardTitle#sol=ac04181c7fd351735a97e8e6c1648325c21ee430
Machine Learning Staff (IT Consulting) / Staf Pembelajaran Mesin (Konsultasi TI),RGF HR Agent Recruitment,/id/job/79659684?type=standard&ref=search-standalone&origin=cardTitle#sol=03f7aec9bcd25286460c6bb653792fd9e22b3833
Front End Developer - Experienced,PT Gajah Agung Mandiri,/id/job/80098205?type=standout&ref=search-standalone&origin=cardTitle#sol=37fef0e02ff42382fa741f78bfa8c9e528695fc8
Frontend Developer,Samara Liveaboard,/id/job/80210747?type=standard&ref=search-standalone&origin=cardTitle#sol=4fec781477cb5249e239a5c2b32554a3056d4e21
Front End Developer,PT Loan Market Indo,/id/job/80176178?type=standout&ref=search-standalone&origin=cardTitle#sol=d30896950f71b4d1e29c98552c4e7c819c1bf438
Frontend Developer Technical Lead (SEO),OLX Indonesia,/id/job/80057606?type=standout&ref=search-standalone&origin=cardTitle#sol=fffc0669f18116a677714e3da0cae857bb1b18a6
Front-End Engineer,Lacak.io,/id/job/80160865?type=standout&ref=search-standalone&origin=cardTitle#sol=9b0e4398f3cefa062b381e056afe8cd272598ad0
Web Developer,PT Triyakom,/id/job/80203852?type=standout&ref=search-standalone&origin=cardTitle#sol=1b6d517b9ab19af505ae055f6e5bf1487ab87c3e
Lead Technical Web Developer,PT Integrasi Logistik Cipta Solusi,/id/job/80183968?type=standout&ref=search-standalone&origin=cardTitle#sol=6c12edc16a5cc5a4ff0a794699c4c1466eff2c26
Front End Web Developer (Fresh Graduate),PT Hashmicro Solusi Indonesia,/id/job/80159203?type=standard&ref=search-standalone&origin=cardTitle#sol=8de0ef8fe45564063ed3ce1bc9270bdf8f431e9c
Senior Frontend Engineer (Web or Mobile),PT Aegis Ultima Teknologi,/id/job/80179897?type=standard&ref=search-standalone&origin=cardTitle#sol=f407d15c573c40919a0cc1709c86a973d6376914
Full-Stack Developer,TRAVLR Indonesia,/id/job/80172915?type=standout&ref=search-standalone&origin=cardTitle#sol=9f5408c75e3c0eeaa4efe795ad263afbd91fad4a
Frontend Developer,PT Jasa Kelola Asia,/id/job/80096970?type=standard&ref=search-standalone&origin=cardTitle#sol=efeba8a0d188e3112cf4cf842396db0995c14d44
Fullstack Developer,Koffiesoft Group,/id/job/80161629?type=standout&ref=search-standalone&origin=cardTitle#sol=e255d588f925d76f8b68a5fb0f8aa2783644f22d
Web Developer,PT Inovasi Tjaraka Buana,/id/job/80210693?type=standout&ref=search-standalone&origin=cardTitle#sol=b7ba4e5038e36207e54695f251e8ab78c8a51da1
Software Engineer I - Web (Transport),PT Trinusa Travelindo,/id/job/80213477?type=standard&ref=search-standalone&origin=cardTitle#sol=c8ff778155391a1063e87f1356f5c45c301cbe2c
Web Developer,PT. Radiant Utama Interinsco Tbk,/id/job/80171945?type=standard&ref=search-standalone&origin=cardTitle#sol=fc1e637b51ad392383f978569bec62d6a18535e3
Engineering Manager (Frontend),PT Trinusa Travelindo,/id/job/80159659?type=standard&ref=search-standalone&origin=cardTitle#sol=46e2736a4670c052e06f2a5208f3d4b3bd2e34d7
Junior Full Stack Software Developer,PT Ecogreen Oleochemicals,/id/job/80030850?type=standout&ref=search-standalone&origin=cardTitle#sol=c82b1cd958c0eccb7ca938b343bd1d2cf1be3034
FRONTEND PROGRAMMER,PT QUDO BUANA NAWAKARA,/id/job/79589539?type=standout&ref=search-standalone&origin=cardTitle#sol=bd708a824e3da131b3e685cf5bb55f1b6734f779
FULL STACK JAVASCRIPT DEVELOPER,PT Konsulta Semen Gresik,/id/job/80215377?type=standout&ref=search-standalone&origin=cardTitle#sol=b58a193637d56c38f56170a37fcf4728528c749c
Full-Stack Web Developer,Clickpilot Pty Ltd,/id/job/80209280?type=standout&ref=search-standalone&origin=cardTitle#sol=82f43ae17b7a36eb45847965da69ea4554e86f6e
Website Developer dan SEO,PT SaasIndo,/id/job/80129259?type=standout&ref=search-standalone&origin=cardTitle#sol=a4b49f3b4683f8a8aa66c4f3d25065cd178c64c0
Vue JS Developer,PT Nawa Data Solutions,/id/job/80118429?type=standout&ref=search-standalone&origin=cardTitle#sol=ad9f02f49b6857771d928d7351c52c581bcac8ee
Front End Developer Specialist,PT Generasi Paham Investasi,/id/job/79826420?type=standout&ref=search-standalone&origin=cardTitle#sol=395e77c6516e81718164bd5952812efd6ea13f73
ERP Software Developer,No Company,/id/job/80209549?type=standard&ref=search-standalone&origin=cardTitle#sol=b5f583b66a6db0059d84a14d124b54bf426d416b
IT-Frontend,PT GIRIMAS PAKAR INDAH,/id/job/79935466?type=standard&ref=search-standalone&origin=cardTitle#sol=ad4be45c5a09608652d3ed4e099a034f3c4998ed
Senior Fullstack Developer Staff,PT. Sun Logistics,/id/job/79950544?type=standout&ref=search-standalone&origin=cardTitle#sol=ce72bd270ba6ddd3dbe75a5288fe3cf83e07aa8a
"Web Developer (Laravel, MySQL, Bootstrap)",PT. Properti Kencana Gemilang,/id/job/80156747?type=standout&ref=search-standalone&origin=cardTitle#sol=08c8606a417b6d2e166435a463ea71d699bce66a
Web & Mobile Developer,PT Mitra Belanja Anda,/id/job/80204255?type=standout&ref=search-standalone&origin=cardTitle#sol=943708b88166284dbcaed6d72a24bafc4a866869
"Frontend Engineer, Digital Venture - Fully REMOTE",CP AXTRA PUBLIC COMPANY LIMITED,/id/job/79641008?type=standout&ref=search-standalone&origin=cardTitle#sol=d7e1b9e11259f13fd34a18da7c08a691afda62ec
Senior Frontend Engineer,PT Tempo Inti Media Harian,/id/job/79970125?type=standard&ref=search-standalone&origin=cardTitle#sol=71bee979cab7267b7205c2a2195fdeb7b71eb101
Full Stack Developer,Sibernetik Integra Data,/id/job/80184792?type=standard&ref=search-standalone&origin=cardTitle#sol=ebff5bf7a9f1c8c00fd131429c76fb86c0ddf10e
Front End SPV,PT Puninar Jaya,/id/job/79892036?type=standout&ref=search-standalone&origin=cardTitle#sol=f1412a903f91e669d44f43843af88890c76e6b99
Odoo Developer / Odoo Technical Consultant,PT UNRAVEL CONSULTING INDONESIA,/id/job/80190023?type=standout&ref=search-standalone&origin=cardTitle#sol=8347a12e0e53a011c92b316dee70024046059de6
Fullstack Developer,PT Indocyber Global Teknologi,/id/job/80051810?type=standout&ref=search-standalone&origin=cardTitle#sol=04b0a6d576a336d9a452635bc78d550f2ec426d4
FRONT END DEVELOPER,PT Knitto Tekstil Indonesia,/id/job/79880912?type=standard&ref=search-standalone&origin=cardTitle#sol=76fc65170139bd2c82fb9145811e3009cd5ae30a
ERP Developer (ABAPER),PT Hasnur Jaya Utama (Hasnur Group),/id/job/79750212?type=standout&ref=search-standalone&origin=cardTitle#sol=f28a2d32c1c847d1ead884980694d0aecd4e7773
Developer/Programmer Supervisor,PT Optik Tunggal Sempurna,/id/job/80160306?type=standard&ref=search-standalone&origin=cardTitle#sol=5c00be00fae2ddb0a2a534f7dc24c764fae85c7c
IT Programmer,PT Endo Indonesia,/id/job/80064876?type=standout&ref=search-standalone&origin=cardTitle#sol=c437b580b0f88f5b6684f0f9c3e03b009d2378d7
Full Stack Engineer,PT DIGITAL XCELERATION NUSANTARA,/id/job/79579262?type=standout&ref=search-standalone&origin=cardTitle#sol=a23e490c056ada5288c710bd4c274786d5de98a8
Web Developer,PT Petrolink Services Indonesia,/id/job/79932614?type=standout&ref=search-standalone&origin=cardTitle#sol=a2fbff94b7726323d9408d0945c84e843407cfd6
IT Flutter Developer dan Mid Fullstack,PT. DIGITALISASI APLIKASI INDONESIA,/id/job/80135986?type=standard&ref=search-standalone&origin=cardTitle#sol=588d788237b4b27447f68ce83ca2c72c9d36ce91
"Coconut Lab Invites Fullstack Developer (Remote, Indonesia)",Coconut Lab Pte. Ltd.,/id/job/80151904?type=standout&ref=search-standalone&origin=cardTitle#sol=e0bc78cfd4e328ce50819628ae5862e1c7512490
ReactJS Developer,PT Lentera Bangsa Benderang,/id/job/79888482?type=standout&ref=search-standalone&origin=cardTitle#sol=f5fcf6d6a34db152b5e431da7b3563114e042a86
Frontend Engineer (React),PT Nomura Research Institute Indonesia,/id/job/79042495?type=standout&ref=search-standalone&origin=cardTitle#sol=00c72915bafcdfc9608ac649301e44f8a6843c3a
"Backend Engineer, Digital Venture - Fully REMOTE",CP AXTRA PUBLIC COMPANY LIMITED,/id/job/79641095?type=standout&ref=search-standalone&origin=cardTitle#sol=a2fc69a6ebb9c6f759b290609c31587c80218532
Frontend Engineer,PT SOD Technology Indonesia,/id/job/79671440?type=standard&ref=search-standalone&origin=cardTitle#sol=664eac52a4f6a5dfe957881de937940496be8d0b
"Full-stack Engineer, Digital Venture - Fully REMOTE",CP AXTRA PUBLIC COMPANY LIMITED,/id/job/79640268?type=standout&ref=search-standalone&origin=cardTitle#sol=c422e3e0f121a12a9bd745e03ddedea4055a85a3
Full Stack Developer - Java Script full-time onsite,No Company,/id/job/79603810?type=standout&ref=search-standalone&origin=cardTitle#sol=3154f965c2a02c995756cb91a97e03136b6e9c33
.Net Developer - IT Solutions & Services - WFO - Jakarta,PT. PERSOLKELLY Recruitment Indonesia,/id/job/79606477?type=standout&ref=search-standalone&origin=cardTitle#sol=c67cfd21c5f2459b682486c7c64e24fd7872e2e1
Senior .NET Developer,Serial Microelectronics Pte Ltd,/id/job/79606337?type=standout&ref=search-standalone&origin=cardTitle#sol=d25f52639305e99692834f599ca22edbc1ae9336
Web Developer,PT IRUMA TEKNOLOGI NUSANTARA,/id/job/79950176?type=standard&ref=search-standalone&origin=cardTitle#sol=a7a663c0b1a8830973c1cd64a10c8f63121db950
Backend Developer (Laravel & Node Js),PT. KODE KOLEKTIF INDONESIA,/id/job/80173319?type=standout&ref=search-standalone&origin=cardTitle#sol=be7d3ae59f9702dd960c4afcc7a17e1b7a3672a6
JUNIOR PROGRAMMER/SUPPORT,PT Yudhistira Ghalia Indonesia,/id/job/79971178?type=standout&ref=search-standalone&origin=cardTitle#sol=cf53f66581f8d53d0ffa4e67cb95924c1d850b96
Full Stack Developer,PT Enakans Media Teknologi,/id/job/80091445?type=standard&ref=search-standalone&origin=cardTitle#sol=165a25a73a5071dd2e71cbf4877292fd083d00d0
Web Developer,PT Ainon Untung Lestari (Ainon Groups),/id/job/79960538?type=standout&ref=search-standalone&origin=cardTitle#sol=8804fef3cdf225625c50844bf4ba025e4538ae37
Web Developer,PT Intersys Optima Nusantara,/id/job/79914152?type=standard&ref=search-standalone&origin=cardTitle#sol=43ab752805713ba4f3bb1adf99478325bfc6c871
IT & WEB DEVELOPER,PT Tri Mentari Niaga(Bintang Racing Team),/id/job/80032604?type=standard&ref=search-standalone&origin=cardTitle#sol=e08fa71b1eb25981d00fff335b641fc700e97739
Front-End Engineer,PT Sky Parking Utama,/id/job/79834265?type=standout&ref=search-standalone&origin=cardTitle#sol=537624aee3d0e1c6d7d58ecb3a1ae4eb28d00442
FULL STACK DEVELOPER,PT.MARTONO JAYA UTAMA,/id/job/80003134?type=standard&ref=search-standalone&origin=cardTitle#sol=2185ca39a83e6ca6c9baa90f4c0820f03f5eb1d9
Web Developer,PT Dian Rakyat,/id/job/79972397?type=standout&ref=search-standalone&origin=cardTitle#sol=7786a7b6f8d3ebc7b29a19ecf6a030a3b6198a89
Fullstack Developer,PT Nusantara Duta Solusindo (NDS),/id/job/80030153?type=standard&ref=search-standalone&origin=cardTitle#sol=4a73de73f2ba02606c0568aae46cb5677edd737e
React Js Programmer,PT Electronic Data Interchange Indonesia (Member of Pelindo),/id/job/79849410?type=standout&ref=search-standalone&origin=cardTitle#sol=977c620b0d3102f462a6589831b63973a7aba944
NodeJS Programmer,PT Nutech Integrasi,/id/job/80183004?type=standout&ref=search-standalone&origin=cardTitle#sol=11ad0eab095130de5755ea23f532fb3eb4e24d32
Front-End Developer,PT Inixindo Widya Iswara Nusantara,/id/job/79828557?type=standout&ref=search-standalone&origin=cardTitle#sol=5932ecb623e2dca76a140eb355fde3dc1ad02127
Programer,PT RANAJAYA MULIA SENTOSA,/id/job/79830892?type=standard&ref=search-standalone&origin=cardTitle#sol=2b2902f59ebe6556fdd3eaf4f05f29c0933151d1
Junior Programer,PT. Pemalang Aji Jaya Maritimindo,/id/job/79891402?type=standard&ref=search-standalone&origin=cardTitle#sol=f5b995c25e2257e75d543f335a7757d27d4680a1
Front End Developer,PT. HTC Global Software Services,/id/job/79622915?type=standout&ref=search-standalone&origin=cardTitle#sol=3ed0c74f9bfdd6535b3d5dbfe292064010ad97bf
Full Stack Developer (Remote),Elisys Sistem Integrasi,/id/job/79911499?type=standard&ref=search-standalone&origin=cardTitle#sol=79f31f07602cc74992c5b945d7a062cd58fac976
Senior React Developer - Remote Work,PT Pippeline Technologies Indonesia,/id/job/79695552?type=standout&ref=search-standalone&origin=cardTitle#sol=a0b3b9965c7de902b4a33910a30bf198e2031041
Senior React Developer - Remote Work,PT Pippeline Technologies Indonesia,/id/job/79695621?type=standout&ref=search-standalone&origin=cardTitle#sol=3b79dc7ea5204f27afcdd4dd382db1224d02b454
WEB DEVELOPER,PT Farrasindo Perkasa,/id/job/79893677?type=standout&ref=search-standalone&origin=cardTitle#sol=53b57e0198cb3b682a7f264dde6e3b5c94c4d02f
Web Programmer,PT Nutech Integrasi,/id/job/79882692?type=standout&ref=search-standalone&origin=cardTitle#sol=3659ddb26ad8bb64a7cb8f4a5feff63173890179
Developer and Operations Support,PT Iqrana Teknologi Studio,/id/job/80031931?type=standout&ref=search-standalone&origin=cardTitle#sol=78f122a1e22c2138bd95d9908079cab6298c6436
Full Stack Developer,PT Mitra Belanja Bersama,/id/job/79705825?type=standard&ref=search-standalone&origin=cardTitle#sol=faba7d15e1fbb3fb35bf7da671945a22f87f7032
"Programmer (Placement in Denpasar, Bali)",Marketbiz.Net,/id/job/79671617?type=standard&ref=search-standalone&origin=cardTitle#sol=f8fa18766b2512f7a5362f196d6cd4b1c1d4ed73
Web Developer,PHINTRACO GROUP,/id/job/79854108?type=standout&ref=search-standalone&origin=cardTitle#sol=57d2b1a8af93f473e5ba160a1e14050f75677b6b
"IT Developer (Vue.js, nuxt.js, code igniter/Docker)",PT PJPT Senopati,/id/job/79911960?type=standout&ref=search-standalone&origin=cardTitle#sol=0e1f56eccac75aab4b1062a40f2b91a74c6d8d13
Application Developer,PT. Sama Sama Sukses,/id/job/79882637?type=standard&ref=search-standalone&origin=cardTitle#sol=da03a456d42e7ed6a64e90313ceb7581f8e33164
Frontend Software Engineer - Flight,PT Trinusa Travelindo,/id/job/79268254?type=standard&ref=search-standalone&origin=cardTitle#sol=75b216bad1f434d74c8d1822bdf7b3abc8153bc4
Full Stack Java Web Developer,PT. Lua Kreatif Teknologi,/id/job/79564881?type=standard&ref=search-standalone&origin=cardTitle#sol=4fa9d567c6e85f527139ebd6cb024dd75f9c5e9d
Full Stack Java Web Developer,PT. Lua Kreatif Teknologi,/id/job/79565096?type=standard&ref=search-standalone&origin=cardTitle#sol=ee8d81bab676c27d095865d1b4e961bc49740525
Full Stack Developer,PT. HTC Global Software Services,/id/job/79911621?type=standout&ref=search-standalone&origin=cardTitle#sol=806656d82b295be291dfafe1972e1a569a12f561
Full Stack Developer,Savoria Group,/id/job/79567769?type=standout&ref=search-standalone&origin=cardTitle#sol=c82c2d0498e628f3b7b844db004cce5747f5ecf2
JUNIOR DEVELOPER,PT Besmart Global Indonesia,/id/job/79863357?type=standard&ref=search-standalone&origin=cardTitle#sol=dbd8582392affbc9e6a9aef0df179a12f40d60b7
Fullstack Engineer,PT Ihsan Solusi Informatika (Bandung),/id/job/79861377?type=standout&ref=search-standalone&origin=cardTitle#sol=98078060f7c6cea9fb8e1c308969467ec0e144e7
Full Stack Programmer,PT Royal Sutan Agung,/id/job/79568720?type=standout&ref=search-standalone&origin=cardTitle#sol=4bb3cb33db35805124eba764374802fe004bee2f
"Full Stack Developer (Golang, React)",PT Terra Teknologi Optima,/id/job/79889338?type=standard&ref=search-standalone&origin=cardTitle#sol=334f421ee7daf1abfaf69a1c99f5267e6b705040
IT - PROGRAMER,PT Hoco Asia Industry,/id/job/79606423?type=standout&ref=search-standalone&origin=cardTitle#sol=77fdb06d6c268db4685819927e16b16c5a9a87a3
Web Developer PHP,PT Fusi Solusi Transformasi,/id/job/79806057?type=standard&ref=search-standalone&origin=cardTitle#sol=d298db35719c94f9b860cc9d331f24d10edf3123
Web Developer,PT Adi Pragata Logistik,/id/job/79678139?type=standout&ref=search-standalone&origin=cardTitle#sol=37f1239a79f4bf19e3d03ccb12da8976d230563c
Senior Backend Developer,PT. Waktu Cipta Dimensi,/id/job/80025083?type=standout&ref=search-standalone&origin=cardTitle#sol=081a773a101e72e12192d036227e9c736788b15e
Game Developer,No Company,/id/job/79804687?type=standout&ref=search-standalone&origin=cardTitle#sol=46d1608f34b6061314b8419584e432eb118d58a7
IT PROGRAMMER / DEVELOPER (Odoo Developer),PT Tata Karya Gemilang,/id/job/79900382?type=standout&ref=search-standalone&origin=cardTitle#sol=285e693c503ce4716f70773facf02c0b73a84286
Desktop Programmer C#,PT TEKNO PRESENTASI GLOBAL,/id/job/80207138?type=standout&ref=search-standalone&origin=cardTitle#sol=65350506e94225c258ae2a088c6a9ca907d06df5
IT Development Web,PT. Garuda Mart Indonesia,/id/job/79694353?type=standard&ref=search-standalone&origin=cardTitle#sol=858be9cf8371e802040f4b947a355d03a05a9a75
Backend Programmer,PT Wira Lahana Sukses,/id/job/79677555?type=standard&ref=search-standalone&origin=cardTitle#sol=44e5e000d029679420b490a35c8d834786db78bd
Software Engineer - Web,PT Trinusa Travelindo,/id/job/78969166?type=standard&ref=search-standalone&origin=cardTitle#sol=5a04af26cad3c244ef072860aa870f03a94de98c
Android Mobile Developer,PT. HTC Global Software Services,/id/job/79622857?type=standout&ref=search-standalone&origin=cardTitle#sol=22e03b358c845d39b49799cda71592f2bc738c52
"Developer (.NET, PowerBI, Android React Native, IOS, Middleware, ect)",PT Astra Graphia Information Technology (AGIT),/id/job/79938054?type=standout&ref=search-standalone&origin=cardTitle#sol=7a7c9cbe2fd0b99b5fc51f8687431b335892c6bd
Android Developer,PT Reycom Document Solusi,/id/job/80002145?type=standout&ref=search-standalone&origin=cardTitle#sol=b36ac53669f44a9db68299d7ca6a55be81849a14
IT-Backend,PT GIRIMAS PAKAR INDAH,/id/job/79934933?type=standard&ref=search-standalone&origin=cardTitle#sol=c0124cf273c0210f7f0b2bc4e82eaba9ca407fe0
Backend Developer,PT Intersolusi Teknologi Asia,/id/job/79935445?type=standard&ref=search-standalone&origin=cardTitle#sol=63a833d7201a7b49decffa42e3b0f4c40510367b
Backend Engineer,PT. Sukses Corp International,/id/job/79676596?type=standard&ref=search-standalone&origin=cardTitle#sol=dda21a0f9eb111b2392c8465e7a73da1de3e3113
IT Development Manager,PT PEFINDO Biro Kredit,/id/job/79890902?type=standout&ref=search-standalone&origin=cardTitle#sol=de34291c38055ab1cdc4cc196a3a4100aaeed41d
Software Engineer,PT Asia Outsourcing Services,/id/job/79810306?type=standout&ref=search-standalone&origin=cardTitle#sol=bf7797df605718df0331503918c2a6547f213895
Digital Apps Developer,"PT SMART,Tbk",/id/job/79731964?type=standard&ref=search-standalone&origin=cardTitle#sol=b3d384bf5d04fbc1e04fe309edfa409d34955426
Application Developer Jr.,"PT. Metrodata Electronics, Tbk",/id/job/79727767?type=standard&ref=search-standalone&origin=cardTitle#sol=fb95e5ed34514d583c8c7568fc03628cda40a33a
System Analyst,PT Lawencon Internasional,/id/job/79601153?type=standout&ref=search-standalone&origin=cardTitle#sol=765b4088064ed8dd37dd00b6aea3a7a0c953118b
Lead Software Engineer (IC),PT Aplikasi Karya Anak Bangsa (GO-JEK Indonesia),/id/job/79691176?type=standard&ref=search-standalone&origin=cardTitle#sol=32657554b0042a3fa3b79172211756466000fcd2
Consultant - Innovation Cloud Development Center - Java Developer - ID 1,Deloitte,/id/job/80106946?type=standard&ref=search-standalone&origin=cardTitle#sol=a67782acc2f3da9ccbd130950c7d4faa28354221
Senior Analyst - Innovation Cloud Development Center - Outsystems Developer - ID,Deloitte,/id/job/79869249?type=standard&ref=search-standalone&origin=cardTitle#sol=51f260f56b4a695d2cdcbad006cefa7487a0f7ad
"Software Engineer, Backend - Transaction Platform",PT Solusi Transportasi Indonesia,/id/job/79840951?type=standard&ref=search-standalone&origin=cardTitle#sol=78690528a9dd8e79a8afdeda5ee5a9de9ff9d426
Junior Finance Analyst,PT Trinusa Travelindo,/id/job/77564229?type=standard&ref=search-standalone&origin=cardTitle#sol=f3d6a784c1bc7b310c45154f65e834b119277236
Backend Engineer (Golang) - Senior/Principal Level,PT Amartha Mikro Fintek (Jakarta),/id/job/77936231?type=standard&ref=search-standalone&origin=cardTitle#sol=4cdefc8c5217b216c1c3d06f1f348a3e4f3bb9f6
Business Analyst,PT Trinusa Travelindo,/id/job/78838137?type=standard&ref=search-standalone&origin=cardTitle#sol=5a7ff78e4044b81d96f2d3d50bcb69b5e9fb8d30
Analyst - Deloitte Digital - Business Analyst (Technical) - ID,Deloitte,/id/job/77432380?type=standard&ref=search-standalone&origin=cardTitle#sol=829cc1dd393b276bc268528411428aebf33ae372
Frontend Mobile Engineer (Marketplace App & Mobile) - Sea Labs,PT Sea Group,/id/job/80190383?type=standard&ref=search-standalone&origin=cardTitle#sol=d8f6fa7ef275ad0e379932173d820953e562ad22
Frontend Developer (Project Based),PT HARMONISASI TEKNOLOGI NUSANTARA,/id/job/80078769?type=standard&ref=search-standalone&origin=cardTitle#sol=ded9dac21ba6ba7b3cd530c84c634bedd8b9d4d4
Full Stack Developer,Bookandlink (PT Surya Jagat Mandiri),/id/job/80156504?type=standard&ref=search-standalone&origin=cardTitle#sol=63b040d8f1aef3201a838fba7af0ac08f1aea9b0
Fullstack Web Developer (Project Based),PT HARMONISASI TEKNOLOGI NUSANTARA,/id/job/80077657?type=standard&ref=search-standalone&origin=cardTitle#sol=8fe00bf734c2f29da4039447116ba94a410e2d00
Developer,My Free Course,/id/job/80108709?type=standard&ref=search-standalone&origin=cardTitle#sol=02cd1fcc94417bf93f343edab412e6464a2784b9
Junior Web Developer,Solea Penida,/id/job/79998059?type=standard&ref=search-standalone&origin=cardTitle#sol=1069e5874b57e7f69725adaa37a1329104b9ef2c
Frontend Developer,PT Island Management,/id/job/79690873?type=standard&ref=search-standalone&origin=cardTitle#sol=8066d1d744978cd3c1c1cf6a31b75d19d21ab1b4
Wordpress Developer (Project Based),PT HARMONISASI TEKNOLOGI NUSANTARA,/id/job/80079283?type=standard&ref=search-standalone&origin=cardTitle#sol=8d54fa91a7ae26981753f3703ad7653f72730a68
Frontend Engineer,Linx Labs Pte Ltd,/id/job/79504306?type=standard&ref=search-standalone&origin=cardTitle#sol=af4d80e2652fa5f931a342b4ac9719371023d664
Shopify Developer (Project Based),PT HARMONISASI TEKNOLOGI NUSANTARA,/id/job/80081792?type=standard&ref=search-standalone&origin=cardTitle#sol=a07623d5e34eb825f2b7a313bee514d78e128aaf
Front-End Developer,Piumeno,/id/job/79840515?type=standard&ref=search-standalone&origin=cardTitle#sol=988133c2bb81de583ff5b05eb5f02c2805e6be39
Frontend Developer,PT Cybertrend Intrabuana,/id/job/79660923?type=standard&ref=search-standalone&origin=cardTitle#sol=aa789630b41900fa489681c59fe9f66e7f377dae
Web Developer & Learning Management System,PT Cybertrend Intrabuana,/id/job/79661840?type=standard&ref=search-standalone&origin=cardTitle#sol=6f704755a89d5428abaf050a06181602d51803cb
Web Platform Engineer - Junior or Senior Consultant,PT Ernst & Young Indonesia,/id/job/75691870?type=standard&ref=search-standalone&origin=cardTitle#sol=8b7c77b42701e1cce75ea453d746949e50930abb
WEB DESIGN,PT Kreatif Media Pariwara,/id/job/77090382?type=standard&ref=search-standalone&origin=cardTitle#sol=e35b74f39cc7377fcdb4943093c750ae2e6e0089
UI Solution Engineer 1 (Mekari Officeless),PT Mid Solusi Nusantara (MEKARI),/id/job/79066390?type=standard&ref=search-standalone&origin=cardTitle#sol=1bcca157c0c6cbb8363b0f990308a298299277f6
Full Stack Developer,Alegrium,/id/job/79066394?type=standard&ref=search-standalone&origin=cardTitle#sol=605905ea91dc9c7f2acd71c75ae22849f60a4a42
Application Developer Assc.,PT Mitra Integrasi Informatika - Metrodata Group,/id/job/79662506?type=standard&ref=search-standalone&origin=cardTitle#sol=8de0c0417c5c9d564b4d1a84997dbcc067922ef4
Application Developer,VIVERE GROUP,/id/job/76756486?type=standard&ref=search-standalone&origin=cardTitle#sol=a0419e0e0507056cd87f9c543d14cc88d1a6e317
Solution Architect (Mekari Officeless),PT Mid Solusi Nusantara (MEKARI),/id/job/79094454?type=standard&ref=search-standalone&origin=cardTitle#sol=9ab6a417e0d03b145a9a0d3d91a599855991eec6
Laravel Developer,PT Hashmicro Solusi Indonesia,/id/job/79662595?type=standard&ref=search-standalone&origin=cardTitle#sol=c54c2921e14b87f2f637cfb0e5be33f63562d942
STAFF IT,1880 Brawa,/id/job/76544274?type=standard&ref=search-standalone&origin=cardTitle#sol=b3efd225720614f1430d7c34f0196b72bfa1e008
Flutter Developer,Wirehire,/id/job/76417047?type=standard&ref=search-standalone&origin=cardTitle#sol=d135f1b69ebd0c15dc195ef9de9c3297c5f01f01
Fullstack Developer (Golang + Vue.js),Livit,/id/job/79497751?type=standard&ref=search-standalone&origin=cardTitle#sol=11c08447601b77f9cb446ae6782081d0ef291f0c
S/W Microservice Developer - Junior,PT Samsung SDS Global SCL Indonesia,/id/job/73340240?type=standard&ref=search-standalone&origin=cardTitle#sol=52a30896b643e91b92dc4bf77c6c64533557a651
Flutter Developer,PT Talenta Navigator Alihdaya,/id/job/76290209?type=standard&ref=search-standalone&origin=cardTitle#sol=b3b8cc85856d46e520931c5f0aa442aa8c6a8cbb
IT - Solution Developer,ASSA Rent (Jakarta),/id/job/79661076?type=standard&ref=search-standalone&origin=cardTitle#sol=6c3a510d737c7592dc40c64225b344df3f59f950
Product Designer,Populix,/id/job/79308290?type=standard&ref=search-standalone&origin=cardTitle#sol=a19f02b4054117722a41dac10633fc0a84f0f68d
SAP ABAP Developer,PT IBM Indonesia,/id/job/79660985?type=standard&ref=search-standalone&origin=cardTitle#sol=f1e337f2e5930a960bcad62a628b3a2cd80c8b90
Java Developer,Vascomm,/id/job/79974401?type=standard&ref=search-standalone&origin=cardTitle#sol=8af25d479dcd3e3a173f8179622dc112e1364be7
Software Engineer,PT Paragon Pratama Teknologi,/id/job/79647493?type=standard&ref=search-standalone&origin=cardTitle#sol=08e06aa58f8fd470fc97b8f6b9b39560d63fb622
Backend Developer,ASAP Lombok,/id/job/79677406?type=standard&ref=search-standalone&origin=cardTitle#sol=99db61124d6d7ae70835a58d0f930ec25f8e9732
Backend Developer,Company Confidential,/id/job/73293574?type=standard&ref=search-standalone&origin=cardTitle#sol=643f197d0387ab8c631ccfbb768f94a601483fee
Machine Learning Staff (IT Consulting) / Staf Pembelajaran Mesin (Konsultasi TI),RGF HR Agent Recruitment,/id/job/79659684?type=standard&ref=search-standalone&origin=cardTitle#sol=5746eb5de354603f5a547ab6cc64ee5b676d19d1
Devops Engineer,byOrange,/id/job/79662627?type=standard&ref=search-standalone&origin=cardTitle#sol=933a36f9a4a2dde901e00422fc849152a9db4681
Software Engineer,PT AAA,/id/job/78889505?type=standard&ref=search-standalone&origin=cardTitle#sol=6a20ad2b01ca84de69d99ae30a761de5a54245d5
Web Developer,Orchid Brand,/id/job/80193513?type=standard&ref=search-standalone&origin=cardTitle#sol=26f4bfa298b0b859c1e668941bddb566a3dfe9ad
Senior Frontend Developer (React),Snaphunt,/id/job/80137503?type=standard&ref=search-standalone&origin=cardTitle#sol=cb64707dabb9b9f0f3268c4339868919d3067546
Wordpress Web Developer Freelance,PT Sora Kreatif Indonesia,/id/job/80193582?type=standard&ref=search-standalone&origin=cardTitle#sol=c08b099b6a617f9d2859bb68a06d9eecb81afae8
Frontend Developer (React),Snaphunt,/id/job/79870637?type=standard&ref=search-standalone&origin=cardTitle#sol=c55c4b15fd5966044fa4a75def37e4ccdbca934e
Senior Front End Developer (Angular),PT Cerdas Digital Nusantara,/id/job/79879157?type=standard&ref=search-standalone&origin=cardTitle#sol=b2e96018aea353f3976a366537442c7b1acc1108
FullStack Web Programmer,PT. Swirf Labs International,/id/job/80106963?type=standard&ref=search-standalone&origin=cardTitle#sol=350cae8921de39ad30dbaed7c27b1312280a1526
Web Developer,PT Data Sains Inteknova,/id/job/80159445?type=standard&ref=search-standalone&origin=cardTitle#sol=819d5361ae4f0e3d4a36615e163a7666abd93ca5
Frontend Developer,Gefami Services Indonesia,/id/job/79648209?type=standard&ref=search-standalone&origin=cardTitle#sol=4187f3dd07c0b6f3cd92ef0b353f4b245dcd4d8b
Fullstack Developer,PT Graha Karya Informasi,/id/job/79089540?type=standard&ref=search-standalone&origin=cardTitle#sol=1836eee719e8aea1906d575cffad3294a56b19ab
Fullstack Engineer,PT Indocyber Global Teknologi,/id/job/79264908?type=standard&ref=search-standalone&origin=cardTitle#sol=c9cbb8318d32662bf34bb5d7a8e086f4b302b5ee
Blockchain Developer,Snaphunt,/id/job/76692988?type=standard&ref=search-standalone&origin=cardTitle#sol=dc066ee8ddacb45b4b4612778d1ecf97956efffc
Symfony developer,Snaphunt,/id/job/76664828?type=standard&ref=search-standalone&origin=cardTitle#sol=b3239178d4540843fab5d0149d1149c9b57ecb2c
Software Engineer - Fullstack,PT Mid Solusi Nusantara (MEKARI),/id/job/79387014?type=standard&ref=search-standalone&origin=cardTitle#sol=fd2c63a83fcabeac699017ad25b9d59e0f84ed77
Software Engineer (MERN),Snaphunt,/id/job/79526940?type=standard&ref=search-standalone&origin=cardTitle#sol=34d4ad19488701befca1e259f29436eb45778153
Symfony developer,Metricalo,/id/job/76664864?type=standard&ref=search-standalone&origin=cardTitle#sol=904b4194130b95f1bb888e3479ce5715f29fdddc
Backend Engineer,AiChat,/id/job/79928704?type=standard&ref=search-standalone&origin=cardTitle#sol=552259fd9fcd283331915b801bbbe5e3ed25c098
Mobile Developer (React Native),PT. SIGMA GLOBAL TEKNOLOGI (SIGMATECH),/id/job/79686704?type=standard&ref=search-standalone&origin=cardTitle#sol=4c8f7479c445b530d80a721c2aa008424d400f55
DevOps,Gefami Services Indonesia,/id/job/79580415?type=standard&ref=search-standalone&origin=cardTitle#sol=224156eb154841c3f208249bc467b19c670ea105
UC Specialist/ Tradestats/EDM-Backend Software Developer,Snaphunt,/id/job/76825477?type=standard&ref=search-standalone&origin=cardTitle#sol=6ffdba86ba137a1cce0ed10a14d06c3715cd6a84
Data Analyst,PT Luxen Makmur Sejahtera,/id/job/80182511?type=standout&ref=search-standalone&origin=cardTitle#sol=fb1413067a795271591f9c67c4a39201f46d22d6
Data Analyst,PT Main Games Indonesia (Jakarta),/id/job/80155781?type=standout&ref=search-standalone&origin=cardTitle#sol=b9a62b3635c25e1eeef514227560750605fed47c
Purwadhika - Data Scientist,PT Amartha Mikro Fintek (Jakarta),/id/job/80166683?type=standard&ref=search-standalone&origin=cardTitle#sol=72f8b1bf9c5d124ce9f573a293db29af23322e7e
(Junior) Business Intelligent Consultant / Data Scientist,PT. KMS KONSULTASI SOLUSI,/id/job/79941004?type=standard&ref=search-standalone&origin=cardTitle#sol=0b5ad236dde266a41445e27c5a4699afbf09c417
Data Scientist,PT Digital Laskar Pelangi (Orderfaz),/id/job/79945081?type=standard&ref=search-standalone&origin=cardTitle#sol=811adbfdccf0d7a1e5e08156aad0b5585cc435ae
Data Scientist,PT. Topindo Atlas Asia (Oil TOP1),/id/job/79921278?type=standard&ref=search-standalone&origin=cardTitle#sol=947b55cad46ccdd499cab9298ad6d5f2d658874d
Fintech Marketing Media Planner,PT Mitracomm Ekasarana,/id/job/79825680?type=standout&ref=search-standalone&origin=cardTitle#sol=1b9f57ec50eede45f55cfb4619f1311617276116
Data Science Manager,PT ABM Investama,/id/job/79878989?type=standout&ref=search-standalone&origin=cardTitle#sol=c3cb4415eca90c73129a97980ff754f447a57eb5
Data Scientist,PT Sigma Cipta Utama,/id/job/79913184?type=standout&ref=search-standalone&origin=cardTitle#sol=5834fd9c99def63bd83bcba0f84aae208f4bb71a
AI Engineer,PT QUDO BUANA NAWAKARA,/id/job/79578425?type=standout&ref=search-standalone&origin=cardTitle#sol=78fc79cd8202b40e4c1c8108614a4ee0188b73d3
Data Annotator - Transsion,PT Carlcare Service Ila,/id/job/79510451?type=standout&ref=search-standalone&origin=cardTitle#sol=d881de77fdbadc3b9d4c66f8e535b36146e8437b
Senior Data Engineer,Yayasan Bina Nusantara,/id/job/80125619?type=standard&ref=search-standalone&origin=cardTitle#sol=c55dadd95344d3f1618cad28d4a61844d9097947
Data Scientist,Coda Payments Pte Ltd,/id/job/79804862?type=standard&ref=search-standalone&origin=cardTitle#sol=3cb5947cb90c172dc0f62e7ac3b81adc48e10100
Database Section Head (IT),No Company,/id/job/79628851?type=standard&ref=search-standalone&origin=cardTitle#sol=32d3be999d58cf61cd7592f58d26a65f85cd3f89
DATA ANALYST,PT Ciomas Adisatwa,/id/job/80122824?type=standout&ref=search-standalone&origin=cardTitle#sol=8b39c5c828d881eb6660ef5ab2e314cd31eb49ba
Financial Analytic Specialist,"PT. BFI FINANCE INDONESIA, Tbk",/id/job/80129628?type=standard&ref=search-standalone&origin=cardTitle#sol=93610f42ae7329a03e8174b170cadc8e38c4182d
Data Analyst,"PT Matahari Putra Prima Tbk (Hypermart, Foodmart, BOSTON, Hyfresh)",/id/job/80092856?type=standout&ref=search-standalone&origin=cardTitle#sol=ce3f494a0df3d1a0ae1c9fca9ec29504a3b2d74d
Data Analyst,No Company,/id/job/80081154?type=standard&ref=search-standalone&origin=cardTitle#sol=65d61f5454e574c39feb39e011a43bdac7bbfc1e
Data Engineer,PT Sigma Cipta Utama,/id/job/80049265?type=standout&ref=search-standalone&origin=cardTitle#sol=d32c2c2852f05b140705f48b9b4bbdd912dd0f77
Senior Data Analyst,PT Solusi Transportasi Indonesia,/id/job/79840997?type=standard&ref=search-standalone&origin=cardTitle#sol=4f0a1f3b7eef7d7487178c205ddd0a4bb96d0a5a
Data Analyst,PT Sigma Cipta Utama,/id/job/80049092?type=standout&ref=search-standalone&origin=cardTitle#sol=cfc3dccc4553d7be73b73546360741161a575d87
Data Engineer,PT Pulau Sambu,/id/job/79760633?type=standout&ref=search-standalone&origin=cardTitle#sol=4eea4d6aca26409ef0962cd6d3e3381d0a3e024f
Machine Learning Ops,PT Bumi Amartha Teknologi Mandiri,/id/job/80059371?type=standard&ref=search-standalone&origin=cardTitle#sol=cb0889e8569db595626f13bf8c282a249035784f
Data Engineer,PT Ako Media Asia,/id/job/79694461?type=standard&ref=search-standalone&origin=cardTitle#sol=2b8fc12d70e036c5c929b86d4b0386a95a30c7cf
DATA ENGINEER,PT PCI Elektronik Internasional,/id/job/79934478?type=standout&ref=search-standalone&origin=cardTitle#sol=afa197801a3fc698122e4f54b29b52e297b18c93
Machine Learning Mentor,PT. TEKNOLOGI BANGSA CERDAS,/id/job/79910375?type=standout&ref=search-standalone&origin=cardTitle#sol=3606ce7b02481bc9088fb775b42dd7e36d5fcfb1
Data Analyst,PT Central Mega Kencana,/id/job/79943014?type=standard&ref=search-standalone&origin=cardTitle#sol=9be9c00fd829a0cb4d88740c0467a2d05e5b5b66
Senior Data Scientist,PT Aplikasi Karya Anak Bangsa (GO-JEK Indonesia),/id/job/77263987?type=standard&ref=search-standalone&origin=cardTitle#sol=478866a48c8723ebc0f9842ad39f6c14eb9ef72e
AI ENGINEER,PT Volarex Jaya Utama,/id/job/79891880?type=standard&ref=search-standalone&origin=cardTitle#sol=f6b8d8ce8879c4522e327293548e073515c39edb
Software Engineer - Data Science Platform,PT Aplikasi Karya Anak Bangsa (GO-JEK Indonesia),/id/job/79884128?type=standard&ref=search-standalone&origin=cardTitle#sol=dbe51f3a6f118e170c1dcd4d43d74ed2ab88cfc0
Software Engineer - Data Science Platform,PT Aplikasi Karya Anak Bangsa (GO-JEK Indonesia),/id/job/79874055?type=standard&ref=search-standalone&origin=cardTitle#sol=c3e399b4fabb360a19bf549650973533fa644cb9
Senior Data Analyst - Finance Data Warehouse,PT Solusi Transportasi Indonesia,/id/job/79814129?type=standard&ref=search-standalone&origin=cardTitle#sol=72b861d9b80369ab46031cc61da1717270dfe0a0
Machine Learning Engineer,PT. Best Agro International,/id/job/79748367?type=standard&ref=search-standalone&origin=cardTitle#sol=44fcab641d85f38e5af6d357c1203df754bcbb2b
Senior Data Analyst,PT Solusi Transportasi Indonesia,/id/job/79840942?type=standard&ref=search-standalone&origin=cardTitle#sol=80e2ee6940cbb99a43935f9e6c8c47749aa39ec4
Machine Learning Engineer,PT Nomura Research Institute Indonesia,/id/job/79042519?type=standout&ref=search-standalone&origin=cardTitle#sol=ac84893cd0594f4f4f6d6db5f3d7bb1ac5ff6235
Senior Data Analyst,PT Trinusa Travelindo,/id/job/78999358?type=standard&ref=search-standalone&origin=cardTitle#sol=81d1c6a51ea7abed5cf47067c48a61f467e12601
Database & Business Intelligence,No Company,/id/job/79705215?type=standout&ref=search-standalone&origin=cardTitle#sol=07432a4653bf9882052b3bd57bc77bc81a8816e2
Data Analyst - Transport Commercial,PT Trinusa Travelindo,/id/job/79268265?type=standard&ref=search-standalone&origin=cardTitle#sol=7fb17ad87525c1e84c0b7ff5ddf2dc6b0a7eb61a
DATA ANALYST,PT GADAI JADI BERKAH,/id/job/79677560?type=standout&ref=search-standalone&origin=cardTitle#sol=6846a2c4291407d470209a264398ec49965d17de
Machine Learning Engineer,PT Mitra Informatika,/id/job/79640534?type=standard&ref=search-standalone&origin=cardTitle#sol=277f763ca80c3b89ae1814b73f9fa5d640ff9fd5
Data Engineer,PT. LUNA BOGA NARAYAN (Kopi Janji Jiwa),/id/job/79575090?type=standout&ref=search-standalone&origin=cardTitle#sol=5f40303b9c8a91a16cbc673b4f4fe9a67c86b412
Data Analyst,No Company,/id/job/79553463?type=standard&ref=search-standalone&origin=cardTitle#sol=d348ff336b72374f406566e0309b2165b616becd
Senior Machine Learning Engineer,PT Ninety Nine Dotco,/id/job/79426889?type=standard&ref=search-standalone&origin=cardTitle#sol=ee260d693e98f01ba28d09d90c2da39b074878a1
Data Analyst,Paytech Nexus,/id/job/80218654?type=standard&ref=search-standalone&origin=cardTitle#sol=3a3159833516e5adc552d1e7192d38e5ac879991
Data Science (Project Based),PT Telkomsel Ekosistem Digital,/id/job/80109270?type=standard&ref=search-standalone&origin=cardTitle#sol=e064d23e49009039f149dfffcd75183f25a21254
Data Scientist,PT Nutrifood Indonesia,/id/job/79953225?type=standard&ref=search-standalone&origin=cardTitle#sol=bc226381701ee4a41aa123162ed3016a961ae2a7
IT Data Engineer,PT Prodia Widyahusada Tbk,/id/job/80191611?type=standard&ref=search-standalone&origin=cardTitle#sol=e88f6cdcee255b39f1d61e16d938dbded58642db
Data Scientist II,PT Fashion Eservices Indonesia,/id/job/79608097?type=standard&ref=search-standalone&origin=cardTitle#sol=99d7d8c587af20551845dde6cee500f6ac545de8
Data Scientist  Remote,Company Confidential,/id/job/74128470?type=standard&ref=search-standalone&origin=cardTitle#sol=9330bb31924cd3ab5301ac978e73a735f5de77c1
Crypto Data Scientist / Machine Learning Engineer (Indonesia-Remote),Tokenmetrics,/id/job/75872002?type=standard&ref=search-standalone&origin=cardTitle#sol=adbaa7af2cef79d7e1b4817c803c444e483b011d
AI Data Scientist,PT Samsung SDS Global SCL Indonesia,/id/job/73920910?type=standard&ref=search-standalone&origin=cardTitle#sol=11f158e83ba94e04925329a4e16c1ac435e939b4
Data Scientist,PT Simplefi Teknologi Indonesia (Awan Tunai),/id/job/79661921?type=standard&ref=search-standalone&origin=cardTitle#sol=92449ab6ac4edc48986db5e6de45038ffbac3419
Data Scientist,byOrange,/id/job/79659892?type=standard&ref=search-standalone&origin=cardTitle#sol=73a21c426f80961cdcabae50641679c1702dcc7a
Data Scientist,Company Confidential,/id/job/74068944?type=standard&ref=search-standalone&origin=cardTitle#sol=6d98fef52f794734bb7dda73e86d719a9180983e
Data Scientist,Rakhasa Artha Wisesa,/id/job/79660240?type=standard&ref=search-standalone&origin=cardTitle#sol=dde2bc2520ce21392ca6cf7766a05cae33b2b3d6
Senior Data Scientist,PT Magna Finance Tbk,/id/job/79662957?type=standard&ref=search-standalone&origin=cardTitle#sol=7fc590528bfe6a00cbfbf8b8d45ef4b7fa1fc39b
Team Leader- Financial Industry,RGF HR Agent Recruitment,/id/job/79662845?type=standard&ref=search-standalone&origin=cardTitle#sol=8a8a3962106bc9b4a5e65179949f0b1550464a0a
Machine Learning Engineer (Project Based),PT Telkomsel Ekosistem Digital,/id/job/79764586?type=standard&ref=search-standalone&origin=cardTitle#sol=ca08a5605471061ae7a0395210d072799c2e1511
Data Annotator - Freelance,Mindrift,/id/job/76687719?type=standard&ref=search-standalone&origin=cardTitle#sol=5af004b9f5f6758b02549b2ebf983cb17301fa91
Data Annotator - Freelance,Mindrift,/id/job/76687621?type=standard&ref=search-standalone&origin=cardTitle#sol=8e29872aaf3216fe270bc801ce29f71ba4625cab
Data Annotator - Freelance,Mindrift,/id/job/76687663?type=standard&ref=search-standalone&origin=cardTitle#sol=4ba8e92cc6c9f0d10cc595c62ddfdb04ee4cdf29
Data Annotator - Freelance,Mindrift,/id/job/76687840?type=standard&ref=search-standalone&origin=cardTitle#sol=b20f93e2debcb51c282e6d1bb57b125a452e3ba2
Data Annotator - Freelance,Mindrift,/id/job/76687614?type=standard&ref=search-standalone&origin=cardTitle#sol=772615a73db361a167d732fb2ae3160866002523
Data Annotator - Freelance,Mindrift,/id/job/76687885?type=standard&ref=search-standalone&origin=cardTitle#sol=a94f3e292c9db927309e66fca93d8a3622228ad6
Senior Data Engineer,Yayasan Bina Nusantara,/id/job/79314529?type=standard&ref=search-standalone&origin=cardTitle#sol=af9b0643c700e7711d50bf37fcf71de506728caa
Data Analyst,Company Confidential,/id/job/76620924?type=standard&ref=search-standalone&origin=cardTitle#sol=8910ba3cd04cba8715395146f80e868f9c22e4f2
Senior Machine Learning Engineer,Snaphunt,/id/job/79526915?type=standard&ref=search-standalone&origin=cardTitle#sol=c6004b7a7bd1e6142f5b34f50365f483f8265ae7
Artificial Intelligence Engineer,PT. SIGMA GLOBAL TEKNOLOGI (SIGMATECH),/id/job/79301315?type=standard&ref=search-standalone&origin=cardTitle#sol=3f7d5e74b2bb9a1b1668a92cf605e68e077eaec5
Full-Stack Developer,TRAVLR Indonesia,/id/job/80172915?type=standout&ref=search-standalone&origin=cardTitle#sol=8ddd08e6fd255d70b0fcc4b0c5ee717faeb9f31d
Fullstack Developer,Koffiesoft Group,/id/job/80161629?type=standout&ref=search-standalone&origin=cardTitle#sol=b015a4d2aee914be40f3dc38c34163e7c131efbd
Full-Stack Web Developer,Clickpilot Pty Ltd,/id/job/80209280?type=standout&ref=search-standalone&origin=cardTitle#sol=f34398f0bb8bdb0f448cec1f0195a1c489478f99
Full Stack Developer,PT.Samudra Estetika perkasa,/id/job/80210134?type=standard&ref=search-standalone&origin=cardTitle#sol=91ef55b556f18dc2c4cd3d9bb1c2f9ad334cd9cf
FULL STACK JAVASCRIPT DEVELOPER,PT Konsulta Semen Gresik,/id/job/80215377?type=standout&ref=search-standalone&origin=cardTitle#sol=2e5b91c31152cc94b1fbc8df56c1effd441ad75a
Senior Fullstack Developer (Payment Getaway),PT Abadi Sejahtera Finansindo,/id/job/79970337?type=standout&ref=search-standalone&origin=cardTitle#sol=68c1c6a78a457479cc0f35f584a061ca6900f940
Junior Full Stack Software Developer,PT Ecogreen Oleochemicals,/id/job/80030850?type=standout&ref=search-standalone&origin=cardTitle#sol=87266291f2f019998ccfe41351ba7fc5e4c4db0d
Full Stack Developer,Sibernetik Integra Data,/id/job/80184792?type=standard&ref=search-standalone&origin=cardTitle#sol=d605e3bae1d691fbf99706772e9556cd4492e5e5
Senior Fullstack Developer Staff,PT. Sun Logistics,/id/job/79950544?type=standout&ref=search-standalone&origin=cardTitle#sol=33626b58f7d4ea67153e93c5723bceea9680ce4c
Fullstack JAVA & PHP Native,PT Adi Data Informatika,/id/job/80174592?type=standout&ref=search-standalone&origin=cardTitle#sol=69f3480c7f4a0afdd5558fac9960f695a29c3f7c
Fullstack Developer,PT Adi Data Informatika,/id/job/80130673?type=standout&ref=search-standalone&origin=cardTitle#sol=ed35ffec5fc6c9cb02a1daa3952479dc60b4f88f
Full Stack Developer,PT. Milenia Mega Mandiri,/id/job/80171384?type=standout&ref=search-standalone&origin=cardTitle#sol=55457372774348481750090de96117ce1dd46b9d
Fullstack Engineer,PT Ordivo Teknologi Indonesia,/id/job/79808463?type=standout&ref=search-standalone&origin=cardTitle#sol=0be2a32a0780400d92d7d02e179f1ce9f7b7649f
IT Flutter Developer dan Mid Fullstack,PT. DIGITALISASI APLIKASI INDONESIA,/id/job/80135986?type=standard&ref=search-standalone&origin=cardTitle#sol=c82adb05b77047cad7d14b50d2868bb040010ea6
Fullstack Developer,PT Adhikari Inovasi Indonesia,/id/job/80101605?type=standard&ref=search-standalone&origin=cardTitle#sol=2fde15fb6fd90b033150a3f03b3368a28bdbab7c
Fullstack Engineer (Python),No Company,/id/job/79703760?type=standout&ref=search-standalone&origin=cardTitle#sol=e3ed1e02108f6efa27792a181c22edc47b9f8584
Fullstack Development,PT TERA KREASI SEMESTA,/id/job/80078969?type=standard&ref=search-standalone&origin=cardTitle#sol=f28c93228d4d346f6de00e9711ea304c9f314186
Full-stack Engineer,PT Akar Inti Teknologi,/id/job/79756534?type=standout&ref=search-standalone&origin=cardTitle#sol=b947e595631a27ae7e1fac372674a7f471f0d199
Full Stack ENGINEER,PT Mitra Global Holiday,/id/job/80101203?type=standard&ref=search-standalone&origin=cardTitle#sol=f423cf03147b69afcb2d20c55bb1f8b71b308e74
Senior Full Stack Developer,PT. HTC Global Software Services,/id/job/79853831?type=standout&ref=search-standalone&origin=cardTitle#sol=68e8013801972219d5de2c7439e7fe6694bd1783
"Full Stack Developer (javascript, react.js, node.js)",Indofood Group,/id/job/80120522?type=standout&ref=search-standalone&origin=cardTitle#sol=e4878f1557c4adf8c2e90a0e767b4284e5243eb4
Senior Fullstack Developer,PT. Ezsy Deltamax Indonesia,/id/job/79621823?type=standout&ref=search-standalone&origin=cardTitle#sol=f09f276f752b8912e9ba46fdb8ec9f424f465dea
Fullstack Developer,PT Indocyber Global Teknologi,/id/job/80051810?type=standout&ref=search-standalone&origin=cardTitle#sol=92790606afe380ecd442c9723c56cafe68146cfa
Backend Developer (Laravel & Node Js),PT. KODE KOLEKTIF INDONESIA,/id/job/80173319?type=standout&ref=search-standalone&origin=cardTitle#sol=25477f824d49a7221e71fd5a2f250c3d6108c220
Fullstack Developer,PT. Nxsys Professional Solutions,/id/job/80059384?type=standard&ref=search-standalone&origin=cardTitle#sol=7f98cca96e68a2246963d47a2a394ca97a318dd8
Full Stack Developer,PT Enakans Media Teknologi,/id/job/80091445?type=standard&ref=search-standalone&origin=cardTitle#sol=deb292696550f178c2186a09aa324b54a84c327f
SAP S/4HANA Developer,PT Drose Konsultasi Indonesia,/id/job/80093366?type=standout&ref=search-standalone&origin=cardTitle#sol=48c7a3cdc046fd7673a58b509e99ab82526278b1
Outsystems Developer,PT Adi Data Informatika,/id/job/80050167?type=standout&ref=search-standalone&origin=cardTitle#sol=ea983cb705e5133f0bb5888ed90293509bd93cf7
Fullstack Developer,PT Nusantara Duta Solusindo (NDS),/id/job/80030153?type=standard&ref=search-standalone&origin=cardTitle#sol=b101e6d576dd53c827dbbb9d821fac75d8b2a4c3
Web Developer (Spring Framework),"FinShot, Inc.",/id/job/79881492?type=standout&ref=search-standalone&origin=cardTitle#sol=2de16f00dfb99a0d9d48a3f606989c83c043688d
"Coconut Lab Invites Fullstack Developer (Remote, Indonesia)",Coconut Lab Pte. Ltd.,/id/job/80151904?type=standout&ref=search-standalone&origin=cardTitle#sol=e696da52dd4d5055d59c6d5c6ac51d030303f289
Full Stack Engineer,PT DIGITAL XCELERATION NUSANTARA,/id/job/79579262?type=standout&ref=search-standalone&origin=cardTitle#sol=11fdb87803ffa1a035e54af927d18c449bcda347
"Full-stack Engineer, Digital Venture - Fully REMOTE",CP AXTRA PUBLIC COMPANY LIMITED,/id/job/79640268?type=standout&ref=search-standalone&origin=cardTitle#sol=bd062058907ab785410b0afba8324e98fa09b327
Full Stack Developer - Java Script full-time onsite,No Company,/id/job/79603810?type=standout&ref=search-standalone&origin=cardTitle#sol=aed84fd12f51844867cdb51fe7bed5f8964d0b19
Full Stack Developer,PT ECS Raya Indonesia,/id/job/80059789?type=standout&ref=search-standalone&origin=cardTitle#sol=a5c87b26f7064d89b9be495d1b1f6f50f3b3f151
FULLSTACK DEVELOPER,PT. Mercier Estetika Internasional,/id/job/79995222?type=standout&ref=search-standalone&origin=cardTitle#sol=30c38b60098fcadea335c67707eb461ea1a42f44
Fullstack Web Developer,PT Integrasi Logistik Cipta Solusi,/id/job/79937397?type=standard&ref=search-standalone&origin=cardTitle#sol=17da21ce1344608e9c1b96a0b39d1d6f58710b69
Back End Developer,PT Indoglobal Nusa Persada,/id/job/80105686?type=standout&ref=search-standalone&origin=cardTitle#sol=b17a99f4754eec6af830292ca2d470c178496e50
Full Stack Developer,PT Radian Peninsula Indonesia,/id/job/80008345?type=standout&ref=search-standalone&origin=cardTitle#sol=6212901640f406c1eb32f9d7c00363aa1e8afa5e
FULL STACK DEVELOPER,PT.MARTONO JAYA UTAMA,/id/job/80003134?type=standard&ref=search-standalone&origin=cardTitle#sol=913113b06c7ddfd6c65da5309234b648bba58c01
Senior Backend Developer,PT Inovasi Dunia Gim,/id/job/79640372?type=standout&ref=search-standalone&origin=cardTitle#sol=8bd52757addcdfa3342d68c95fb6c7d3290e2bc1
Fullstack Mobile Programmer Specialist (Flutter & Laravel),PT Motasa Indonesia ( Ladaku ),/id/job/79877710?type=standout&ref=search-standalone&origin=cardTitle#sol=383e43f1f96a797626f7c28c2032f066440703aa
FULLSTACK DEVELOPER (PG),Kelola.biz,/id/job/79887122?type=standout&ref=search-standalone&origin=cardTitle#sol=d8777544aedde8b2e1565c083cfc822cc5743d07
Fullstack Engineer,PT Ihsan Solusi Informatika (Bandung),/id/job/79861377?type=standout&ref=search-standalone&origin=cardTitle#sol=1d015feff1e9d3cb909ca52a119e0d4b88ed4114
Full Stack Developer,PT. HTC Global Software Services,/id/job/79911621?type=standout&ref=search-standalone&origin=cardTitle#sol=0aca97f1b80a4bf516fca8e99796fc266816e6dd
Fullstack Developer (PHP & Vue.js),No Company,/id/job/79835676?type=standout&ref=search-standalone&origin=cardTitle#sol=e747b43e0f209dc833f5978aec21d5f4664be834
Full Stack Developer (Remote),Elisys Sistem Integrasi,/id/job/79911499?type=standard&ref=search-standalone&origin=cardTitle#sol=a996e43d0bb17306f2df1fd3012d754f9501c1ce
"Full Stack Developer (Golang, React)",PT Terra Teknologi Optima,/id/job/79889338?type=standard&ref=search-standalone&origin=cardTitle#sol=6afd571a453067528bff14477a95539b7d42c888
API Developer (Middleware Developer),PT Lentera Bangsa Benderang,/id/job/80155832?type=standout&ref=search-standalone&origin=cardTitle#sol=f7ea451e5237c82a1705ab87c097c57bebf24eea
NodeJS Programmer,PT Nutech Integrasi,/id/job/80183004?type=standout&ref=search-standalone&origin=cardTitle#sol=7f900753cab5d7f3253030d92f0948b912842011
FULL STACK DEVELOPER,PT Abadi Perkasa Bersama Digital Solutions,/id/job/79854958?type=standout&ref=search-standalone&origin=cardTitle#sol=7b78ee468b5fea3b4eec510a76f7f855ac95562c
Fullstack Developer,PT Anabatic Technologies,/id/job/79678470?type=standout&ref=search-standalone&origin=cardTitle#sol=19a3da1fae406a97c396d6ae6771d1c99cb16880
Software Engineer - Web,PT Trinusa Travelindo,/id/job/80131919?type=standard&ref=search-standalone&origin=cardTitle#sol=83da75a20ee90a1b0eb340a9ec05a91afe761da9
Vue JS Developer,PT Nawa Data Solutions,/id/job/80118429?type=standout&ref=search-standalone&origin=cardTitle#sol=b22da1fbaf2b6a4bae56e1282b0a617a22c6e244
Full Stack Developer (Net),PT Kamoro Maxima Integra,/id/job/79828362?type=standout&ref=search-standalone&origin=cardTitle#sol=fd1515085ace63f0b981cc8aab6a42e965b51fc2
Fullstack Developer,PT Graha Karya Informasi,/id/job/79656515?type=standard&ref=search-standalone&origin=cardTitle#sol=bf915eaa1f631ff577a30c46bb9bcb825fd3de17
Fullstack Developer,PT Karisma Zona Kreatifku,/id/job/79639725?type=standard&ref=search-standalone&origin=cardTitle#sol=12961ffc2f2dac271064548460c6649755224469
Full Stack Developer (ReactJs and .Net),PT. Adaya Solusi Teknologi,/id/job/79205768?type=standout&ref=search-standalone&origin=cardTitle#sol=53b24fc0034c9d7107022e44e262a8123c472d26
Full-Stack Developer,PT Sentul City Tbk. (HR Division),/id/job/79709046?type=standout&ref=search-standalone&origin=cardTitle#sol=d77705b55135e60ff23257a89eb09f0b3f3ab6df
Full Stack Web Developer,No Company,/id/job/79800966?type=standout&ref=search-standalone&origin=cardTitle#sol=11fe53951173b3fca00c94a2cf405bbbe5633592
Software Engineer - Web (Financing),PT Trinusa Travelindo,/id/job/80159523?type=standard&ref=search-standalone&origin=cardTitle#sol=da7417cbe2fd4c84656adc76d3c54feaf572afe9
IT Developer,PT Karisma Zona Kreatifku,/id/job/79749486?type=standout&ref=search-standalone&origin=cardTitle#sol=657efd8d93dedf2d820300c82496cdf8ffa998e2
Middle Full Stack Developer,PT Datacaraka Solusindo,/id/job/79644031?type=standard&ref=search-standalone&origin=cardTitle#sol=eba232290eee1db61dc506a8ad533838282b0eee
RPA Developer,"PT. Metrodata Electronics, Tbk",/id/job/80161968?type=standard&ref=search-standalone&origin=cardTitle#sol=6260dfac6d3fd487cccb893efde5e9d8b319391d
Senior Full-Stack Developer,B One Consulting,/id/job/79960840?type=standard&ref=search-standalone&origin=cardTitle#sol=6de7372e79fabe4d7392a6d75aaf7ab39ea9c018
Full Stack Developer,PT PASIFIK HOKI INDONESIA,/id/job/79995072?type=standard&ref=search-standalone&origin=cardTitle#sol=95d018c59eaacf354d45282f3c3ee372a23c3b4f
Developer,My Free Course,/id/job/80108709?type=standard&ref=search-standalone&origin=cardTitle#sol=ed2602bebe022d3a2b3b031ec5f19ac42ba3a8a0
.NET Fullstack Developer (IT Consulting),.NET Fullstack Developer (IT Consulting),/id/job/79660909?type=standard&ref=search-standalone&origin=cardTitle#sol=6d39c358b9c5864d8f47f7e4fe3e3d1d4c73f27a
Fullstack Developer (Golang + Vue.js),Livit,/id/job/79497751?type=standard&ref=search-standalone&origin=cardTitle#sol=b3a6e66c353f5b4d0917865e3ca53a7905e65209
Senior Software Engineer 1 - Fullstack,PT Mid Solusi Nusantara (MEKARI),/id/job/77038746?type=standard&ref=search-standalone&origin=cardTitle#sol=cda860939766deb337724a357ffa91572ba35864
Fullstack Engineer,Pintu,/id/job/79662766?type=standard&ref=search-standalone&origin=cardTitle#sol=af3fca0cafbfe34cfb16a131e44598865c731acc
Full Stack Developer - Java/Spring Boot/Angular,Qode,/id/job/77216407?type=standard&ref=search-standalone&origin=cardTitle#sol=aa149c85bcafe9ee79ad03e1e0b45d3e730328de
Full Stack Developer,CV. Sumber Rejeki sebagai rekruter Kenes Bakery & Resto,/id/job/78456803?type=standard&ref=search-standalone&origin=cardTitle#sol=440e9417e96278a2b2aebbb2d98b9540a39c0dff
Application Developer Assc.,PT Mitra Integrasi Informatika - Metrodata Group,/id/job/79662506?type=standard&ref=search-standalone&origin=cardTitle#sol=fcca07bb1968f2e67289d2648b133c9f536fd5b6
Full Stack Developer,Alegrium,/id/job/79066394?type=standard&ref=search-standalone&origin=cardTitle#sol=d0da1cc42971a6c04d388c64dcfe2dec7fa889d9
UI Solution Engineer 1 (Mekari Officeless),PT Mid Solusi Nusantara (MEKARI),/id/job/79066390?type=standard&ref=search-standalone&origin=cardTitle#sol=26e64cb01d2710155f222ab943929dc5d64192b6
Solution Architect (Mekari Officeless),PT Mid Solusi Nusantara (MEKARI),/id/job/79094454?type=standard&ref=search-standalone&origin=cardTitle#sol=6f74a72be2d33d13c80d91a5987ca05ff194de20
Laravel Developer,PT Hashmicro Solusi Indonesia,/id/job/79662595?type=standard&ref=search-standalone&origin=cardTitle#sol=455395d8f812d2943e0110df858337cbc9372ab2
Full Stack Java Developer (IT Consulting),Full Stack Java Developer (IT Consulting),/id/job/79659647?type=standard&ref=search-standalone&origin=cardTitle#sol=805ed327e0ad15fc4a77c906f6ef04dcf5fe1fa1
Javascript Developer,PT Intersolusi Teknologi Asia,/id/job/79662140?type=standard&ref=search-standalone&origin=cardTitle#sol=38ac3d0af85803efec2775f1521adf61a84ad5c6
Application Developer,VIVERE GROUP,/id/job/76756486?type=standard&ref=search-standalone&origin=cardTitle#sol=70706ce8f6c930022aa3ebf4efb0878d859348b6
Lowongan Kerja sebagai Application Developer di Idealogy Studio Penempatan,Idealogy Studio,/id/job/79158935?type=standard&ref=search-standalone&origin=cardTitle#sol=02664ed06acfb44e549e940ea5c947af6af18e77
Senior Web Engineer,PT WEGO MEDIKA INDONESIA,/id/job/79661635?type=standard&ref=search-standalone&origin=cardTitle#sol=b5bc52c5c92aeb380bfa6e6612d907d8894850e1
"Performance Engineer (Fully remote, Flexible Schedule)",Company Confidential,/id/job/74036126?type=standard&ref=search-standalone&origin=cardTitle#sol=f005522152e257ac9859740015d42d8dd9e45c23
"Performance Optimization Engineer (Fully remote, Flexible Schedule)",Company Confidential,/id/job/74035960?type=standard&ref=search-standalone&origin=cardTitle#sol=feb6df4e6d3401240f9e7fcfdf25dfc32018247b
Back-End Developer,PT WIR ASIA,/id/job/76849766?type=standard&ref=search-standalone&origin=cardTitle#sol=31ded805b7d38fd5e2c8dbb8dace3abc3f02c9c1
Senior Backend Engineer,PT AJAIB TTX Solusi (jakarta),/id/job/77221096?type=standard&ref=search-standalone&origin=cardTitle#sol=9bc4e17522311de5753f4c8033e1469dd44e71f6
Solution Implementor,PT Mid Solusi Nusantara (MEKARI),/id/job/77521174?type=standard&ref=search-standalone&origin=cardTitle#sol=186f7f2e0c8c002b83c1255ab7c187a1bb4bd290
FullStack Web Programmer,PT. Swirf Labs International,/id/job/80106963?type=standard&ref=search-standalone&origin=cardTitle#sol=c39e192fa9f0ac1e627588d0273435abd0fff067
Senior Fullstack Developer (NodeJS + Python) - (for Agribusiness Industry),PT. SIGMA GLOBAL TEKNOLOGI (SIGMATECH),/id/job/79955391?type=standard&ref=search-standalone&origin=cardTitle#sol=7bb0fd8f31a8605b3eaaa5d3bb9975b67603b804
"Fullstack (Node.js, Nest.js, TypeScript, Angular) - WFO South Jakarta (ASAP)",PT. SIGMA GLOBAL TEKNOLOGI (SIGMATECH),/id/job/79968816?type=standard&ref=search-standalone&origin=cardTitle#sol=b3b0ee9d24d7bcf5a8f8ab096e62f83f9ccdc283
Fullstack Developer,Gefami Services Indonesia,/id/job/79892673?type=standard&ref=search-standalone&origin=cardTitle#sol=d2ddf20e5691bcbcec43532d6eed2640e18fcb24
Fullstack Web Programmer,PT Sinergi Insan Andalan,/id/job/79865961?type=standard&ref=search-standalone&origin=cardTitle#sol=7bf0a57764774e6a3bbeb1bb3e28dc33897f849f
.NET Fullstack Developer,PT Indocyber Global Teknologi,/id/job/79712823?type=standard&ref=search-standalone&origin=cardTitle#sol=bb52bf0435d59e97c8405a0a03a2d6ea29e92dbf
Platform Developer,Trusmi Group,/id/job/80148947?type=standard&ref=search-standalone&origin=cardTitle#sol=41f7b0c2d84eab60baa56308ddd4dbebb64ac907
App Developer Intern,PT Sinergy Informasi Pratama,/id/job/79869285?type=standard&ref=search-standalone&origin=cardTitle#sol=43a0bbfdbbf680ce9f714ceda0bf26e5512ef4d9
